Year,City,Violent Crimes Sum
2015,Alameda Co. Sheriff's Department,510
2015,Alameda,148
2015,Albany,34
2015,Berkeley,530
2015,Emeryville,153
2015,Fremont,337
2015,Hayward,556
2015,Livermore,233
2015,Newark,101
2015,Oakland,6051
2015,Piedmont,12
2015,Pleasanton,86
2015,San Leandro,412
2015,Union City,265
2015,Alameda E. Bay Reg. Park Dist.,9
2015,CSU East Bay,2
2015,Union Pacific RR - Alameda,0
2015,Alameda BART,135
2015,Dublin,68
2015,Alameda E. Bay Mun. Util. Dist.,1
2015,UC Berkeley,35
2015,CA Highway Patrol - Alameda,1
2015,Alpine Co. Sheriff's Department,9
2015,CA Highway Patrol - Alpine,0
2015,Amador Co. Sheriff's Department,50
2015,Ione,7
2015,Jackson,15
2015,Sutter Creek,12
2015,Union Pacific RR - Amador,0
2015,CA Highway Patrol - Amador,0
2015,Butte Co. Sheriff's Department,155
2015,Biggs,24
2015,Chico,317
2015,Gridley,113
2015,Oroville,108
2015,Paradise,52
2015,Union Pacific RR - Butte,0
2015,Northern Buttes DPR,2
2015,CSU Chico,7
2015,CA Highway Patrol - Butte,0
2015,Calaveras Co. Sheriff's Department,111
2015,Angels Camp,17
2015,Union Pacific RR - Calaveras,0
2015,Calaveras DPR,1
2015,CA Highway Patrol - Calaveras,0
2015,Colusa Co. Sheriff's Department,33
2015,Colusa,6
2015,Williams,10
2015,Union Pacific RR - Colusa,0
2015,CA Highway Patrol - Colusa,0
2015,Contra Costa Co. Sheriff's Department,426
2015,Antioch,771
2015,Brentwood,110
2015,Clayton,11
2015,Concord,491
2015,El Cerrito,97
2015,Hercules,31
2015,Pinole,72
2015,Pittsburg,225
2015,Pleasant Hill,74
2015,Richmond,906
2015,San Pablo,230
2015,Walnut Creek,91
2015,Kensington,1
2015,Martinez,51
2015,Lafayette,14
2015,Moraga,7
2015,Contra Costa E. Bay Reg. Park Dist.,10
2015,Contra Costa BART,49
2015,Contra Costa Community College,3
2015,Danville,16
2015,San Ramon,27
2015,Orinda,5
2015,Union Pacific RR - Contra Costa,1
2015,Oakley,68
2015,CA Highway Patrol - Contra Costa,1
2015,Del Norte Co. Sheriff's Department,101
2015,Crescent City,41
2015,CA Highway Patrol - Del Norte,0
2015,El Dorado Co. Sheriff's Department,252
2015,Placerville,21
2015,South Lake Tahoe,65
2015,Union Pacific RR - El Dorado,0
2015,CA Highway Patrol - El Dorado,0
2015,Fresno Co. Sheriff's Department,962
2015,Clovis,239
2015,Coalinga,105
2015,Firebaugh,53
2015,Fowler,46
2015,Fresno,2871
2015,Huron,38
2015,Kerman,33
2015,Kingsburg,28
2015,Mendota,90
2015,Orange Cove,15
2015,Parlier,95
2015,Reedley,174
2015,Sanger,120
2015,Selma,188
2015,State Center Community College,7
2015,Union Pacific RR - Fresno,0
2015,San Joaquin DPR,2
2015,CSU Fresno,13
2015,CA Highway Patrol - Fresno,0
2015,Coalinga State Hospital,149
2015,Clovis Unified School,0
2015,Glenn Co. Sheriff's Department,44
2015,Orland,22
2015,Willows,40
2015,Union Pacific RR - Glenn,0
2015,CA Highway Patrol - Glenn,0
2015,Humboldt Co. Sheriff's Department,265
2015,Arcata,54
2015,Eureka,166
2015,Ferndale,1
2015,Fortuna,36
2015,Rio Dell,10
2015,CSU Humboldt (Arcata),7
2015,Union Pacific RR - Humboldt,0
2015,Northern Coast Redwoods DPR,0
2015,CA Highway Patrol - Humboldt,0
2015,Imperial Co. Sheriff's Department,219
2015,Brawley,146
2015,Calexico,169
2015,El Centro,164
2015,Holtville,15
2015,Imperial,5
2015,Westmorland,5
2015,Union Pacific RR - Imperial,0
2015,CA Highway Patrol - Imperial,0
2015,Inyo Co. Sheriff's Department,58
2015,Bishop,38
2015,Union Pacific RR - Inyo,0
2015,CA Highway Patrol - Inyo,1
2015,Kern Co. Sheriff's Department,2235
2015,Arvin,149
2015,Bakersfield,1810
2015,Delano,219
2015,McFarland,61
2015,Ridgecrest,136
2015,Shafter,63
2015,Taft,58
2015,Tehachapi,44
2015,California City,121
2015,Stallion Springs,3
2015,Bear Valley,5
2015,Union Pacific RR - Kern,1
2015,CSU Bakersfield,1
2015,CA Highway Patrol - Kern,2
2015,Kern High School District,0
2015,Kings Co. Sheriff's Department,122
2015,Corcoran,104
2015,Hanford,315
2015,Lemoore,118
2015,Union Pacific RR - Kings,0
2015,Porterville Developmental Center,10
2015,Avenal,25
2015,CA Highway Patrol - Kings,0
2015,Lake Co. Sheriff's Department,200
2015,Lakeport,29
2015,Clearlake,117
2015,CA Highway Patrol - Lake,0
2015,Lassen Co. Sheriff's Department,47
2015,Susanville,173
2015,Union Pacific RR - Lassen,0
2015,CA Highway Patrol - Lassen,0
2015,Los Angeles Co. Sheriff's Department,5173
2015,Alhambra,168
2015,Arcadia,68
2015,Artesia,84
2015,Avalon,12
2015,Azusa,173
2015,Baldwin Park,299
2015,Bell,221
2015,Bellflower,373
2015,Bell Gardens,137
2015,El Camino College,3
2015,La Habra Heights,2
2015,Union Pacific RR - Los Angeles,0
2015,Metropolitan Trans. Authority (MTA),5
2015,Pasadena Community College,5
2015,Westlake Village,6
2015,Beverly Hills,99
2015,Bradbury,1
2015,Burbank,159
2015,Claremont,64
2015,Commerce,93
2015,Compton,988
2015,Covina,108
2015,Cudahy,78
2015,Culver City,156
2015,Cerritos,91
2015,Lanterman Developmental Center,0
2015,Agoura Hills,15
2015,West Hollywood,280
2015,Santa Clarita,351
2015,Diamond Bar,58
2015,Downey,335
2015,Duarte,72
2015,El Monte,400
2015,El Segundo,41
2015,Gardena,301
2015,Glendale,195
2015,Glendora,55
2015,Hawaiian Gardens,86
2015,Hawthorne,628
2015,Hermosa Beach,44
2015,Calabasas,15
2015,Malibu,25
2015,Los Angeles Transit Serv. Bureau,803
2015,Hidden Hills,1
2015,Huntington Park,386
2015,Industry,68
2015,Inglewood,775
2015,Irwindale,27
2015,Lakewood,222
2015,La Mirada,74
2015,La Puente,119
2015,La Verne,68
2015,Lawndale,196
2015,Lomita,67
2015,Long Beach,2766
2015,Los Angeles,25156
2015,Lynwood,414
2015,Manhattan Beach,70
2015,Maywood,73
2015,Monrovia,47
2015,Montebello,158
2015,Monterey Park,103
2015,Norwalk,400
2015,Palmdale,830
2015,Palos Verdes Estates,7
2015,Paramount,283
2015,Pasadena,428
2015,Pico Rivera,199
2015,Pomona,792
2015,Redondo Beach,185
2015,Rolling Hills,1
2015,Rolling Hills Estates,9
2015,Rosemead,155
2015,San Dimas,81
2015,San Fernando,94
2015,San Gabriel,89
2015,San Marino,17
2015,Santa Fe Springs,85
2015,Santa Monica,445
2015,Sierra Madre,11
2015,Signal Hill,58
2015,South El Monte,125
2015,South Gate,561
2015,South Pasadena,30
2015,Temple City,66
2015,Torrance,214
2015,Vernon,28
2015,Walnut,31
2015,West Covina,263
2015,Whittier,238
2015,Carson,433
2015,Cal Poly - Pomona,6
2015,Rancho Palos Verdes,41
2015,CSU Dominguez Hills,4
2015,CSU Long Beach,6
2015,CSU Los Angeles,14
2015,CSU Northridge,7
2015,La Canada-Flintridge,20
2015,Lancaster,1005
2015,UC Los Angeles,97
2015,CA Highway Patrol - Los Angeles,48
2015,Metropolitan State Hospital,0
2015,Baldwin Park School,0
2015,Madera Co. Sheriff's Department,334
2015,Chowchilla,74
2015,Madera,450
2015,Union Pacific RR - Madera,0
2015,CA Highway Patrol - Madera,0
2015,Marin Co. Sheriff's Department,95
2015,Belvedere,0
2015,Fairfax,13
2015,Mill Valley,4
2015,Novato,103
2015,Ross,0
2015,San Rafael,236
2015,Sausalito,14
2015,Tiburon,9
2015,Union Pacific RR - Marin,0
2015,Marin Community College,3
2015,Marin DPR,1
2015,Central Marin,40
2015,CA Highway Patrol - Marin,0
2015,Mariposa Co. Sheriff's Department,89
2015,CA Highway Patrol - Mariposa,0
2015,Mendocino Co. Sheriff's Department,324
2015,Fort Bragg,33
2015,Ukiah,153
2015,Willits,66
2015,Mendocino DPR,1
2015,Union Pacific RR - Mendocino,0
2015,CA Highway Patrol - Mendocino,1
2015,Merced Co. Sheriff's Department,432
2015,Atwater,197
2015,Dos Palos,50
2015,Gustine,25
2015,Livingston,58
2015,Los Banos,131
2015,Merced,763
2015,Union Pacific RR - Merced,0
2015,Four Rivers DPR,0
2015,UC Merced,11
2015,CA Highway Patrol - Merced,1
2015,Modoc Co. Sheriff's Department,34
2015,Alturas,35
2015,Union Pacific RR - Modoc,0
2015,CA Highway Patrol - Modoc,0
2015,Mono Co. Sheriff's Department,14
2015,Mammoth Lakes,14
2015,CA Highway Patrol - Mono,1
2015,Monterey Co. Sheriff's Department,244
2015,Carmel,10
2015,Del Rey Oaks,5
2015,Gonzales,39
2015,Greenfield,101
2015,King City,61
2015,Monterey,136
2015,Pacific Grove,7
2015,Salinas,1098
2015,Sand City,13
2015,Seaside,97
2015,Soledad,53
2015,Marina,51
2015,Monterey Airport,0
2015,Union Pacific RR - Monterey,0
2015,Monterey DPR,0
2015,CSU Monterey Bay,12
2015,CA Highway Patrol - Monterey,0
2015,Napa Co. Sheriff's Department,79
2015,Calistoga,11
2015,Napa,298
2015,St. Helena,9
2015,Union Pacific RR - Napa,0
2015,Napa State Hospital,125
2015,American Canyon,58
2015,Yountville,7
2015,CA Highway Patrol - Napa,0
2015,Nevada Co. Sheriff's Department,139
2015,Grass Valley,115
2015,Nevada City,14
2015,Union Pacific RR - Nevada,0
2015,Truckee,20
2015,CA Highway Patrol - Nevada,1
2015,Orange Co. Sheriff's Department,213
2015,Anaheim,1271
2015,Brea,80
2015,Buena Park,237
2015,Costa Mesa,386
2015,Cypress,56
2015,La Palma,13
2015,Fountain Valley,66
2015,Fullerton,389
2015,Garden Grove,504
2015,Huntington Beach,420
2015,Laguna Beach,76
2015,La Habra,104
2015,Los Alamitos,18
2015,Newport Beach,112
2015,Orange,172
2015,Placentia,76
2015,San Clemente,79
2015,San Juan Capistrano,66
2015,Santa Ana,1626
2015,Seal Beach,24
2015,Stanton,152
2015,Tustin,130
2015,Villa Park,1
2015,Westminster,303
2015,Yorba Linda,39
2015,Irvine,144
2015,CSU Fullerton,8
2015,Union Pacific RR - Orange,0
2015,Orange Coast DPR,0
2015,Fairview Developmental Center,3
2015,Mission Viejo,86
2015,Dana Point,57
2015,Laguna Niguel,49
2015,Laguna Hills,43
2015,Lake Forest,109
2015,Laguna Woods,5
2015,Rancho Santa Margarita,44
2015,Aliso Viejo,32
2015,UC Irvine,22
2015,CA Highway Patrol - Orange,5
2015,Irvine Valley College,0
2015,Placer Co. Sheriff's Department,299
2015,Auburn,45
2015,Lincoln,28
2015,Rocklin,64
2015,Roseville,239
2015,Sierra DPR,0
2015,Union Pacific RR - Placer,0
2015,CA Highway Patrol - Placer,0
2015,Plumas Co. Sheriff's Department,82
2015,Union Pacific RR - Plumas,0
2015,CA Highway Patrol - Plumas,0
2015,Riverside Co. Sheriff's Department,885
2015,Banning,197
2015,Beaumont,138
2015,Blythe,90
2015,Coachella,153
2015,Desert Hot Springs,232
2015,Hemet,605
2015,Indio,585
2015,Norco,49
2015,Palm Springs,279
2015,Perris,178
2015,Riverside,1441
2015,San Jacinto,133
2015,Corona,212
2015,Indian Wells,5
2015,Rancho Mirage,41
2015,Palm Desert,117
2015,Union Pacific RR - Riverside,2
2015,Inland Empire DPR,0
2015,Cathedral City,117
2015,Lake Elsinore,137
2015,La Quinta,80
2015,Moreno Valley,643
2015,Temecula,114
2015,Calimesa,17
2015,Canyon Lake,7
2015,Murrieta,69
2015,Riverside Community College,1
2015,Wildomar,39
2015,Menifee,125
2015,Eastvale,40
2015,UC Riverside,10
2015,CA Highway Patrol - Riverside,19
2015,Jurupa Valley,260
2015,Mount San Jacinto Community College,0
2015,Sacramento Co. Sheriff's Department,3117
2015,Folsom,71
2015,Galt,70
2015,Isleton,4
2015,Sacramento,3611
2015,CSU Sacramento,12
2015,Elk Grove,586
2015,Gold Fields DPR,0
2015,Twin Rivers Unified School,24
2015,CA State Fair,12
2015,Capital DPR,0
2015,Twin Cities DPR,0
2015,Union Pacific RR - Sacramento,0
2015,Rancho Cordova,344
2015,Citrus Heights,385
2015,UC Med Center Sacramento,24
2015,CA Highway Patrol - Sacramento,4
2015,San Benito Co. Sheriff's Department,41
2015,Hollister,137
2015,Union Pacific RR - San Benito,0
2015,Hollister Hills DPR,1
2015,CA Highway Patrol - San Benito,0
2015,San Bernardino Co. Sheriff's Department,920
2015,Barstow,283
2015,Chino,221
2015,Colton,185
2015,Fontana,804
2015,Montclair,221
2015,Needles,25
2015,Ontario,547
2015,Redlands,212
2015,Rialto,423
2015,San Bernardino,2697
2015,Upland,232
2015,Victorville,777
2015,Adelanto,212
2015,CSU San Bernardino,8
2015,Rancho Cucamonga,264
2015,Big Bear,54
2015,Grand Terrace,27
2015,Loma Linda,27
2015,San Bernardino Unified School,69
2015,Highland,202
2015,Twentynine Palms,86
2015,Hesperia,302
2015,Apple Valley,234
2015,Yucaipa,94
2015,San Bernardino College,1
2015,Chino Hills,70
2015,Yucca Valley,151
2015,Fontana Unified School,24
2015,Union Pacific RR - San Bernardino,1
2015,Patton State Hospital,566
2015,Tehachapi DPR,2
2015,CA Highway Patrol - San Bernardino,6
2015,Chaffey College,0
2015,San Diego Co. Sheriff's Department,1161
2015,Carlsbad,172
2015,Chula Vista,705
2015,Coronado,26
2015,Del Mar,10
2015,El Cajon,360
2015,Escondido,529
2015,Imperial Beach,88
2015,La Mesa,196
2015,National City,327
2015,Oceanside,702
2015,San Diego,5582
2015,San Marcos,171
2015,Vista,343
2015,CSU San Diego,26
2015,San Diego Harbor,87
2015,Colorado DPR,0
2015,Ocotillo Wells DPR,0
2015,San Diego Coast DPR,0
2015,CSU San Marcos,7
2015,UC San Diego,7
2015,CA Highway Patrol - San Diego,12
2015,Lemon Grove,161
2015,Santee,86
2015,Poway,44
2015,Encinitas,126
2015,Solana Beach,15
2015,San Francisco,6710
2015,CSU San Francisco,7
2015,San Francisco BART,38
2015,UC Hastings College of Law,19
2015,Union Pacific RR - San Francisco,0
2015,UC San Francisco,15
2015,CA Highway Patrol - San Francisco,0
2015,San Joaquin Co. Sheriff's Department,845
2015,Escalon,11
2015,Lodi,377
2015,Manteca,213
2015,Ripon,16
2015,Stockton,4122
2015,Tracy,154
2015,Stockton Unified School,15
2015,Union Pacific RR - San Joaquin,0
2015,CA Highway Patrol - San Joaquin,3
2015,San Luis Obispo Co. Sheriff's Department,324
2015,Arroyo Grande,35
2015,Grover Beach,33
2015,Morro Bay,46
2015,Paso Robles,62
2015,Pismo Beach,20
2015,San Luis Obispo,193
2015,Cal Poly San Luis Obispo,3
2015,Atascadero,90
2015,San Luis Obispo Coast DPR,0
2015,Oceano Dunes DPR,5
2015,Atascadero State Hospital,321
2015,Union Pacific RR - San Luis Obispo,0
2015,Cuesta College,0
2015,CA Highway Patrol - San Luis Obispo,2
2015,Bay Area DPR,0
2015,San Mateo Co. Sheriff's Department,330
2015,Atherton,3
2015,Belmont,26
2015,Brisbane,9
2015,Burlingame,45
2015,Colma,12
2015,Daly City,234
2015,Hillsborough,1
2015,Menlo Park,32
2015,Pacifica,68
2015,Redwood City,190
2015,San Bruno,105
2015,San Mateo,266
2015,South San Francisco,157
2015,Broadmoor,16
2015,Foster City,20
2015,San Mateo BART,12
2015,Union Pacific RR - San Mateo,0
2015,East Palo Alto,181
2015,CA Highway Patrol - San Mateo,0
2015,Santa Barbara Co. Sheriff's Department,266
2015,Guadalupe,9
2015,Lompoc,153
2015,Santa Barbara,363
2015,Santa Maria,463
2015,Carpinteria,11
2015,Union Pacific RR - Santa Barbara,0
2015,Solvang,11
2015,Allen Hancock College,0
2015,Buelton,4
2015,Goleta,47
2015,UC Santa Barbara,28
2015,CA Highway Patrol - Santa Barbara,1
2015,Santa Clara Co. Sheriff's Department,232
2015,Campbell,88
2015,Cupertino,63
2015,Gilroy,192
2015,Los Altos,6
2015,Los Altos Hills,1
2015,Los Gatos,31
2015,Milpitas,77
2015,Monte Sereno,0
2015,Morgan Hill,71
2015,Mountain View,164
2015,Palo Alto,68
2015,San Jose,3400
2015,Santa Clara,156
2015,Saratoga,18
2015,Sunnyvale,158
2015,CSU San Jose,29
2015,San Jose Community College,1
2015,West Valley College District,5
2015,Foothill College,1
2015,Union Pacific RR - Santa Clara,0
2015,Santa Clara Transit District,39
2015,CA Highway Patrol - Santa Clara,1
2015,Santa Cruz Co. Sheriff's Department,295
2015,Capitola,28
2015,Santa Cruz,499
2015,Watsonville,303
2015,Scotts Valley,22
2015,Union Pacific RR - Santa Cruz,0
2015,Santa Cruz Mtns. DPR,3
2015,UC Santa Cruz,21
2015,CA Highway Patrol - Santa Cruz,0
2015,Shasta Co. Sheriff's Department,697
2015,Anderson,88
2015,Redding,614
2015,Union Pacific RR - Shasta,0
2015,Shasta Marshal's Office,0
2015,CA Highway Patrol - Shasta,1
2015,Sierra Co. Sheriff's Department,3
2015,Union Pacific RR - Sierra,0
2015,CA Highway Patrol - Sierra,0
2015,Siskiyou Co. Sheriff's Department,39
2015,Dorris,5
2015,Dunsmuir,2
2015,Etna,1
2015,Fort Jones,2
2015,Montague,1
2015,Mount Shasta,4
2015,Tulelake,2
2015,Weed,31
2015,Yreka,47
2015,Lake Shastina,1
2015,Union Pacific RR - Siskiyou,0
2015,CA Highway Patrol - Siskiyou,0
2015,Solano Co. Sheriff's Department,101
2015,Benicia,29
2015,Dixon,54
2015,Fairfield,486
2015,Rio Vista,32
2015,Suisun,81
2015,Vacaville,249
2015,Vallejo,1031
2015,Union Pacific RR - Solano,0
2015,CA Highway Patrol - Solano,0
2015,Sonoma Co. Sheriff's Department,638
2015,Cloverdale,15
2015,Cotati,32
2015,Healdsburg,16
2015,Rohnert Park,207
2015,Santa Rosa,606
2015,Sebastopol,8
2015,Sonoma,32
2015,Petaluma,244
2015,CSU Sonoma,3
2015,Union Pacific RR - Sonoma,0
2015,Sonoma Mendocino Coast DPR,1
2015,Sonoma Developmental Center,6
2015,Sonoma Co. Junior College,5
2015,Windsor,85
2015,CA Highway Patrol - Sonoma,0
2015,Silverado DPR,0
2015,Stanislaus Co. Sheriff's Department,394
2015,Ceres,122
2015,Modesto,2025
2015,Newman,16
2015,Oakdale,43
2015,Patterson,50
2015,Riverbank,35
2015,Turlock,380
2015,Waterford,13
2015,Hughson,13
2015,CSU Stanislaus,2
2015,Union Pacific RR - Stanislaus,0
2015,CA Highway Patrol - Stanislaus,0
2015,Sutter Co. Sheriff's Department,104
2015,Yuba City,216
2015,Union Pacific RR - Sutter,0
2015,CA Highway Patrol - Sutter,0
2015,Tehama Co. Sheriff's Department,167
2015,Corning,44
2015,Red Bluff,118
2015,Union Pacific RR - Tehama,0
2015,CA Highway Patrol - Tehama,0
2015,Trinity Co. Sheriff's Department,34
2015,Union Pacific RR - Trinity,0
2015,CA Highway Patrol - Trinity,0
2015,Tulare Co. Sheriff's Department,383
2015,Dinuba,175
2015,Exeter,26
2015,Farmersville,32
2015,Lindsay,59
2015,Porterville,186
2015,Tulare,303
2015,Visalia,608
2015,Woodlake,39
2015,Union Pacific RR - Tulare,0
2015,College of the Sequoias,4
2015,CA Highway Patrol - Tulare,0
2015,Tuolumne Co. Sheriff's Department,185
2015,Sonora,42
2015,CA Highway Patrol - Tuolumne,0
2015,Ventura Co. Sheriff's Department,169
2015,Camarillo,114
2015,Fillmore,82
2015,Ojai,7
2015,Oxnard,920
2015,Port Hueneme,61
2015,Santa Paula,96
2015,Thousand Oaks,136
2015,Ventura,374
2015,Simi Valley,174
2015,Angeles DPR,2
2015,Moorpark,35
2015,Channel Coast DPR,0
2015,Hungry Valley DPR,0
2015,Union Pacific RR - Ventura,2
2015,CSU Channel Islands,2
2015,Ventura Community College,0
2015,CA Highway Patrol - Ventura,1
2015,Yolo Co. Sheriff's Department,87
2015,Davis,95
2015,Winters,24
2015,Woodland,265
2015,West Sacramento,311
2015,Union Pacific RR - Yolo,0
2015,UC Davis,22
2015,CA Highway Patrol - Yolo,0
2015,Yuba Co. Sheriff's Department,227
2015,Marysville,85
2015,Wheatland,1
2015,Union Pacific RR - Yuba,0
2015,CA Highway Patrol - Yuba,0
2016,Alameda Co. Sheriff's Department,589
2016,Alameda,151
2016,Albany,29
2016,Berkeley,602
2016,Emeryville,132
2016,Fremont,420
2016,Hayward,631
2016,Livermore,174
2016,Newark,108
2016,Oakland,6059
2016,Piedmont,32
2016,Pleasanton,100
2016,San Leandro,487
2016,Union City,281
2016,Alameda E. Bay Reg. Park Dist.,13
2016,CSU East Bay,3
2016,Union Pacific RR - Alameda,0
2016,Alameda BART,184
2016,Dublin,87
2016,Alameda E. Bay Mun. Util. Dist.,0
2016,UC Berkeley,44
2016,CA Highway Patrol - Alameda,1
2016,Alpine Co. Sheriff's Department,6
2016,CA Highway Patrol - Alpine,0
2016,Amador Co. Sheriff's Department,53
2016,Ione,4
2016,Jackson,30
2016,Sutter Creek,5
2016,Union Pacific RR - Amador,0
2016,CA Highway Patrol - Amador,0
2016,Butte Co. Sheriff's Department,183
2016,Biggs,16
2016,Chico,293
2016,Gridley,104
2016,Oroville,141
2016,Paradise,45
2016,Union Pacific RR - Butte,0
2016,Northern Buttes DPR,0
2016,CSU Chico,8
2016,CA Highway Patrol - Butte,0
2016,Calaveras Co. Sheriff's Department,169
2016,Angels Camp,9
2016,Union Pacific RR - Calaveras,0
2016,Calaveras DPR,0
2016,CA Highway Patrol - Calaveras,0
2016,Colusa Co. Sheriff's Department,31
2016,Colusa,9
2016,Williams,6
2016,Union Pacific RR - Colusa,0
2016,CA Highway Patrol - Colusa,0
2016,Contra Costa Co. Sheriff's Department,347
2016,Antioch,760
2016,Brentwood,130
2016,Clayton,4
2016,Concord,447
2016,El Cerrito,137
2016,Hercules,53
2016,Pinole,61
2016,Pittsburg,278
2016,Pleasant Hill,79
2016,Richmond,1019
2016,San Pablo,213
2016,Walnut Creek,78
2016,Kensington,3
2016,Martinez,51
2016,Lafayette,13
2016,Moraga,10
2016,Contra Costa E. Bay Reg. Park Dist.,10
2016,Contra Costa BART,79
2016,Contra Costa Community College,7
2016,Danville,9
2016,San Ramon,39
2016,Orinda,10
2016,Union Pacific RR - Contra Costa,0
2016,Oakley,55
2016,CA Highway Patrol - Contra Costa,3
2016,Del Norte Co. Sheriff's Department,115
2016,Crescent City,53
2016,CA Highway Patrol - Del Norte,0
2016,El Dorado Co. Sheriff's Department,291
2016,Placerville,27
2016,South Lake Tahoe,71
2016,Union Pacific RR - El Dorado,0
2016,CA Highway Patrol - El Dorado,0
2016,Fresno Co. Sheriff's Department,1177
2016,Clovis,255
2016,Coalinga,130
2016,Firebaugh,13
2016,Fowler,35
2016,Fresno,3206
2016,Huron,54
2016,Kerman,35
2016,Kingsburg,27
2016,Mendota,97
2016,Orange Cove,39
2016,Parlier,103
2016,Reedley,190
2016,Sanger,126
2016,Selma,298
2016,State Center Community College,6
2016,Union Pacific RR - Fresno,0
2016,San Joaquin DPR,2
2016,CSU Fresno,15
2016,CA Highway Patrol - Fresno,0
2016,Coalinga State Hospital,173
2016,Clovis Unified School,0
2016,Glenn Co. Sheriff's Department,34
2016,Orland,27
2016,Willows,42
2016,Union Pacific RR - Glenn,0
2016,CA Highway Patrol - Glenn,0
2016,Humboldt Co. Sheriff's Department,265
2016,Arcata,82
2016,Eureka,255
2016,Ferndale,7
2016,Fortuna,60
2016,Rio Dell,7
2016,CSU Humboldt (Arcata),6
2016,Union Pacific RR - Humboldt,0
2016,Northern Coast Redwoods DPR,0
2016,CA Highway Patrol - Humboldt,0
2016,Imperial Co. Sheriff's Department,161
2016,Brawley,125
2016,Calexico,164
2016,El Centro,205
2016,Holtville,12
2016,Imperial,7
2016,Westmorland,2
2016,Union Pacific RR - Imperial,0
2016,CA Highway Patrol - Imperial,0
2016,Inyo Co. Sheriff's Department,85
2016,Bishop,29
2016,Union Pacific RR - Inyo,0
2016,CA Highway Patrol - Inyo,0
2016,Kern Co. Sheriff's Department,2403
2016,Arvin,191
2016,Bakersfield,1821
2016,Delano,264
2016,McFarland,33
2016,Ridgecrest,149
2016,Shafter,42
2016,Taft,73
2016,Tehachapi,52
2016,California City,91
2016,Stallion Springs,2
2016,Bear Valley,5
2016,Union Pacific RR - Kern,0
2016,CSU Bakersfield,1
2016,CA Highway Patrol - Kern,1
2016,Kern High School District,0
2016,Kings Co. Sheriff's Department,157
2016,Corcoran,68
2016,Hanford,266
2016,Lemoore,98
2016,Union Pacific RR - Kings,0
2016,Porterville Developmental Center,18
2016,Avenal,32
2016,CA Highway Patrol - Kings,0
2016,Lake Co. Sheriff's Department,179
2016,Lakeport,47
2016,Clearlake,149
2016,CA Highway Patrol - Lake,4
2016,Lassen Co. Sheriff's Department,43
2016,Susanville,181
2016,Union Pacific RR - Lassen,0
2016,CA Highway Patrol - Lassen,1
2016,Los Angeles Co. Sheriff's Department,6124
2016,Alhambra,146
2016,Arcadia,83
2016,Artesia,89
2016,Avalon,10
2016,Azusa,175
2016,Baldwin Park,291
2016,Bell,233
2016,Bellflower,392
2016,Bell Gardens,155
2016,El Camino College,3
2016,La Habra Heights,4
2016,Union Pacific RR - Los Angeles,1
2016,Metropolitan Trans. Authority (MTA),3
2016,Pasadena Community College,4
2016,Westlake Village,16
2016,Beverly Hills,106
2016,Bradbury,0
2016,Burbank,210
2016,Claremont,59
2016,Commerce,130
2016,Compton,1129
2016,Covina,164
2016,Cudahy,76
2016,Culver City,213
2016,Cerritos,111
2016,Lanterman Developmental Center,0
2016,Agoura Hills,15
2016,West Hollywood,275
2016,Santa Clarita,331
2016,Diamond Bar,66
2016,Downey,373
2016,Duarte,72
2016,El Monte,448
2016,El Segundo,53
2016,Gardena,338
2016,Glendale,227
2016,Glendora,70
2016,Hawaiian Gardens,73
2016,Hawthorne,654
2016,Hermosa Beach,47
2016,Calabasas,15
2016,Malibu,38
2016,Los Angeles Transit Serv. Bureau,734
2016,Hidden Hills,1
2016,Huntington Park,463
2016,Industry,96
2016,Inglewood,830
2016,Irwindale,18
2016,Lakewood,223
2016,La Mirada,85
2016,La Puente,131
2016,La Verne,41
2016,Lawndale,194
2016,Lomita,69
2016,Long Beach,2846
2016,Los Angeles,28817
2016,Lynwood,469
2016,Manhattan Beach,53
2016,Maywood,122
2016,Monrovia,60
2016,Montebello,214
2016,Monterey Park,131
2016,Norwalk,419
2016,Palmdale,697
2016,Palos Verdes Estates,4
2016,Paramount,313
2016,Pasadena,477
2016,Pico Rivera,220
2016,Pomona,767
2016,Redondo Beach,160
2016,Rolling Hills,0
2016,Rolling Hills Estates,11
2016,Rosemead,167
2016,San Dimas,82
2016,San Fernando,132
2016,San Gabriel,98
2016,San Marino,15
2016,Santa Fe Springs,112
2016,Santa Monica,475
2016,Sierra Madre,25
2016,Signal Hill,69
2016,South El Monte,109
2016,South Gate,660
2016,South Pasadena,27
2016,Temple City,49
2016,Torrance,258
2016,Vernon,28
2016,Walnut,25
2016,West Covina,265
2016,Whittier,258
2016,Carson,505
2016,Cal Poly - Pomona,7
2016,Rancho Palos Verdes,27
2016,CSU Dominguez Hills,4
2016,CSU Long Beach,9
2016,CSU Los Angeles,8
2016,CSU Northridge,21
2016,La Canada-Flintridge,13
2016,Lancaster,1103
2016,UC Los Angeles,84
2016,CA Highway Patrol - Los Angeles,29
2016,Metropolitan State Hospital,0
2016,Baldwin Park School,0
2016,Madera Co. Sheriff's Department,434
2016,Chowchilla,85
2016,Madera,505
2016,Union Pacific RR - Madera,0
2016,CA Highway Patrol - Madera,0
2016,Marin Co. Sheriff's Department,72
2016,Belvedere,1
2016,Fairfax,16
2016,Mill Valley,9
2016,Novato,80
2016,Ross,1
2016,San Rafael,249
2016,Sausalito,4
2016,Tiburon,4
2016,Union Pacific RR - Marin,0
2016,Marin Community College,1
2016,Marin DPR,0
2016,Central Marin,38
2016,CA Highway Patrol - Marin,0
2016,Mariposa Co. Sheriff's Department,80
2016,CA Highway Patrol - Mariposa,0
2016,Mendocino Co. Sheriff's Department,346
2016,Fort Bragg,42
2016,Ukiah,150
2016,Willits,66
2016,Mendocino DPR,1
2016,Union Pacific RR - Mendocino,0
2016,CA Highway Patrol - Mendocino,1
2016,Merced Co. Sheriff's Department,542
2016,Atwater,203
2016,Dos Palos,34
2016,Gustine,38
2016,Livingston,60
2016,Los Banos,121
2016,Merced,489
2016,Union Pacific RR - Merced,0
2016,Four Rivers DPR,0
2016,UC Merced,1
2016,CA Highway Patrol - Merced,0
2016,Modoc Co. Sheriff's Department,19
2016,Alturas,22
2016,Union Pacific RR - Modoc,0
2016,CA Highway Patrol - Modoc,0
2016,Mono Co. Sheriff's Department,16
2016,Mammoth Lakes,21
2016,CA Highway Patrol - Mono,0
2016,Monterey Co. Sheriff's Department,286
2016,Carmel,7
2016,Del Rey Oaks,4
2016,Gonzales,35
2016,Greenfield,56
2016,King City,47
2016,Monterey,100
2016,Pacific Grove,9
2016,Salinas,1005
2016,Sand City,7
2016,Seaside,128
2016,Soledad,76
2016,Marina,57
2016,Monterey Airport,0
2016,Union Pacific RR - Monterey,0
2016,Monterey DPR,1
2016,CSU Monterey Bay,4
2016,CA Highway Patrol - Monterey,0
2016,Napa Co. Sheriff's Department,61
2016,Calistoga,11
2016,Napa,296
2016,St. Helena,9
2016,Union Pacific RR - Napa,0
2016,Napa State Hospital,149
2016,American Canyon,68
2016,Yountville,4
2016,CA Highway Patrol - Napa,0
2016,Nevada Co. Sheriff's Department,80
2016,Grass Valley,96
2016,Nevada City,9
2016,Union Pacific RR - Nevada,0
2016,Truckee,25
2016,CA Highway Patrol - Nevada,2
2016,Orange Co. Sheriff's Department,229
2016,Anaheim,1209
2016,Brea,92
2016,Buena Park,249
2016,Costa Mesa,412
2016,Cypress,62
2016,La Palma,37
2016,Fountain Valley,63
2016,Fullerton,341
2016,Garden Grove,545
2016,Huntington Beach,362
2016,Laguna Beach,116
2016,La Habra,102
2016,Los Alamitos,13
2016,Newport Beach,110
2016,Orange,228
2016,Placentia,77
2016,San Clemente,75
2016,San Juan Capistrano,87
2016,Santa Ana,1612
2016,Seal Beach,28
2016,Stanton,131
2016,Tustin,120
2016,Villa Park,4
2016,Westminster,309
2016,Yorba Linda,41
2016,Irvine,152
2016,CSU Fullerton,4
2016,Union Pacific RR - Orange,0
2016,Orange Coast DPR,0
2016,Fairview Developmental Center,4
2016,Mission Viejo,75
2016,Dana Point,64
2016,Laguna Niguel,65
2016,Laguna Hills,34
2016,Lake Forest,105
2016,Laguna Woods,12
2016,Rancho Santa Margarita,48
2016,Aliso Viejo,29
2016,UC Irvine,21
2016,CA Highway Patrol - Orange,8
2016,Irvine Valley College,0
2016,Placer Co. Sheriff's Department,261
2016,Auburn,67
2016,Lincoln,29
2016,Rocklin,65
2016,Roseville,199
2016,Sierra DPR,0
2016,Union Pacific RR - Placer,0
2016,CA Highway Patrol - Placer,1
2016,Plumas Co. Sheriff's Department,120
2016,Union Pacific RR - Plumas,0
2016,CA Highway Patrol - Plumas,0
2016,Riverside Co. Sheriff's Department,841
2016,Banning,148
2016,Beaumont,144
2016,Blythe,78
2016,Coachella,161
2016,Desert Hot Springs,225
2016,Hemet,614
2016,Indio,437
2016,Norco,51
2016,Palm Springs,275
2016,Perris,225
2016,Riverside,1724
2016,San Jacinto,128
2016,Corona,185
2016,Indian Wells,8
2016,Rancho Mirage,23
2016,Palm Desert,77
2016,Union Pacific RR - Riverside,2
2016,Inland Empire DPR,0
2016,Cathedral City,152
2016,Lake Elsinore,155
2016,La Quinta,86
2016,Moreno Valley,863
2016,Temecula,145
2016,Calimesa,15
2016,Canyon Lake,16
2016,Murrieta,49
2016,Riverside Community College,0
2016,Wildomar,49
2016,Menifee,135
2016,Eastvale,71
2016,UC Riverside,8
2016,CA Highway Patrol - Riverside,15
2016,Jurupa Valley,340
2016,Mount San Jacinto Community College,2
2016,Sacramento Co. Sheriff's Department,2797
2016,Folsom,76
2016,Galt,76
2016,Isleton,6
2016,Sacramento,3549
2016,CSU Sacramento,4
2016,Elk Grove,547
2016,Gold Fields DPR,2
2016,Twin Rivers Unified School,14
2016,CA State Fair,2
2016,Capital DPR,0
2016,Twin Cities DPR,0
2016,Union Pacific RR - Sacramento,0
2016,Rancho Cordova,245
2016,Citrus Heights,396
2016,UC Med Center Sacramento,13
2016,CA Highway Patrol - Sacramento,7
2016,San Benito Co. Sheriff's Department,39
2016,Hollister,116
2016,Union Pacific RR - San Benito,0
2016,Hollister Hills DPR,0
2016,CA Highway Patrol - San Benito,0
2016,San Bernardino Co. Sheriff's Department,924
2016,Barstow,361
2016,Chino,207
2016,Colton,213
2016,Fontana,870
2016,Montclair,210
2016,Needles,47
2016,Ontario,602
2016,Redlands,225
2016,Rialto,451
2016,San Bernardino,2878
2016,Upland,243
2016,Victorville,748
2016,Adelanto,276
2016,CSU San Bernardino,10
2016,Rancho Cucamonga,266
2016,Big Bear,33
2016,Grand Terrace,21
2016,Loma Linda,34
2016,San Bernardino Unified School,70
2016,Highland,239
2016,Twentynine Palms,92
2016,Hesperia,334
2016,Apple Valley,314
2016,Yucaipa,113
2016,San Bernardino College,4
2016,Chino Hills,59
2016,Yucca Valley,85
2016,Fontana Unified School,17
2016,Union Pacific RR - San Bernardino,0
2016,Patton State Hospital,504
2016,Tehachapi DPR,0
2016,CA Highway Patrol - San Bernardino,19
2016,Chaffey College,0
2016,San Diego Co. Sheriff's Department,1422
2016,Carlsbad,209
2016,Chula Vista,696
2016,Coronado,26
2016,Del Mar,11
2016,El Cajon,395
2016,Escondido,555
2016,Imperial Beach,71
2016,La Mesa,197
2016,National City,267
2016,Oceanside,639
2016,San Diego,5332
2016,San Marcos,197
2016,Vista,372
2016,CSU San Diego,19
2016,San Diego Harbor,79
2016,Colorado DPR,0
2016,Ocotillo Wells DPR,1
2016,San Diego Coast DPR,7
2016,CSU San Marcos,4
2016,UC San Diego,13
2016,CA Highway Patrol - San Diego,10
2016,Lemon Grove,139
2016,Santee,112
2016,Poway,65
2016,Encinitas,105
2016,Solana Beach,16
2016,San Francisco,6190
2016,CSU San Francisco,9
2016,San Francisco BART,49
2016,UC Hastings College of Law,8
2016,Union Pacific RR - San Francisco,0
2016,UC San Francisco,12
2016,CA Highway Patrol - San Francisco,1
2016,San Joaquin Co. Sheriff's Department,793
2016,Escalon,34
2016,Lodi,351
2016,Manteca,244
2016,Ripon,12
2016,Stockton,4381
2016,Tracy,151
2016,Stockton Unified School,38
2016,Union Pacific RR - San Joaquin,0
2016,CA Highway Patrol - San Joaquin,1
2016,San Luis Obispo Co. Sheriff's Department,356
2016,Arroyo Grande,35
2016,Grover Beach,40
2016,Morro Bay,17
2016,Paso Robles,67
2016,Pismo Beach,12
2016,San Luis Obispo,178
2016,Cal Poly San Luis Obispo,12
2016,Atascadero,83
2016,San Luis Obispo Coast DPR,1
2016,Oceano Dunes DPR,5
2016,Atascadero State Hospital,309
2016,Union Pacific RR - San Luis Obispo,0
2016,Cuesta College,0
2016,CA Highway Patrol - San Luis Obispo,0
2016,Bay Area DPR,0
2016,San Mateo Co. Sheriff's Department,298
2016,Atherton,3
2016,Belmont,31
2016,Brisbane,12
2016,Burlingame,62
2016,Colma,27
2016,Daly City,244
2016,Hillsborough,9
2016,Menlo Park,30
2016,Pacifica,65
2016,Redwood City,164
2016,San Bruno,109
2016,San Mateo,242
2016,South San Francisco,149
2016,Broadmoor,16
2016,Foster City,32
2016,San Mateo BART,20
2016,Union Pacific RR - San Mateo,0
2016,East Palo Alto,121
2016,CA Highway Patrol - San Mateo,0
2016,Santa Barbara Co. Sheriff's Department,265
2016,Guadalupe,8
2016,Lompoc,222
2016,Santa Barbara,397
2016,Santa Maria,506
2016,Carpinteria,26
2016,Union Pacific RR - Santa Barbara,0
2016,Solvang,13
2016,Allen Hancock College,0
2016,Buelton,5
2016,Goleta,37
2016,UC Santa Barbara,48
2016,CA Highway Patrol - Santa Barbara,0
2016,Santa Clara Co. Sheriff's Department,316
2016,Campbell,108
2016,Cupertino,71
2016,Gilroy,182
2016,Los Altos,13
2016,Los Altos Hills,6
2016,Los Gatos,21
2016,Milpitas,96
2016,Monte Sereno,0
2016,Morgan Hill,82
2016,Mountain View,132
2016,Palo Alto,73
2016,San Jose,3887
2016,Santa Clara,159
2016,Saratoga,28
2016,Sunnyvale,158
2016,CSU San Jose,30
2016,San Jose Community College,1
2016,West Valley College District,3
2016,Foothill College,1
2016,Union Pacific RR - Santa Clara,0
2016,Santa Clara Transit District,56
2016,CA Highway Patrol - Santa Clara,0
2016,Santa Cruz Co. Sheriff's Department,285
2016,Capitola,28
2016,Santa Cruz,521
2016,Watsonville,238
2016,Scotts Valley,16
2016,Union Pacific RR - Santa Cruz,0
2016,Santa Cruz Mtns. DPR,1
2016,UC Santa Cruz,12
2016,CA Highway Patrol - Santa Cruz,0
2016,Shasta Co. Sheriff's Department,519
2016,Anderson,92
2016,Redding,720
2016,Union Pacific RR - Shasta,1
2016,Shasta Marshal's Office,0
2016,CA Highway Patrol - Shasta,1
2016,Sierra Co. Sheriff's Department,14
2016,Union Pacific RR - Sierra,0
2016,CA Highway Patrol - Sierra,0
2016,Siskiyou Co. Sheriff's Department,52
2016,Dorris,5
2016,Dunsmuir,6
2016,Etna,1
2016,Fort Jones,1
2016,Montague,4
2016,Mount Shasta,10
2016,Tulelake,1
2016,Weed,23
2016,Yreka,54
2016,Lake Shastina,4
2016,Union Pacific RR - Siskiyou,0
2016,CA Highway Patrol - Siskiyou,0
2016,Solano Co. Sheriff's Department,92
2016,Benicia,19
2016,Dixon,63
2016,Fairfield,476
2016,Rio Vista,32
2016,Suisun,80
2016,Vacaville,207
2016,Vallejo,1053
2016,Union Pacific RR - Solano,0
2016,CA Highway Patrol - Solano,0
2016,Sonoma Co. Sheriff's Department,583
2016,Cloverdale,18
2016,Cotati,37
2016,Healdsburg,14
2016,Rohnert Park,204
2016,Santa Rosa,658
2016,Sebastopol,19
2016,Sonoma,37
2016,Petaluma,200
2016,CSU Sonoma,5
2016,Union Pacific RR - Sonoma,0
2016,Sonoma Mendocino Coast DPR,0
2016,Sonoma Developmental Center,4
2016,Sonoma Co. Junior College,5
2016,Windsor,84
2016,CA Highway Patrol - Sonoma,0
2016,Silverado DPR,0
2016,Stanislaus Co. Sheriff's Department,470
2016,Ceres,186
2016,Modesto,2104
2016,Newman,32
2016,Oakdale,54
2016,Patterson,60
2016,Riverbank,55
2016,Turlock,384
2016,Waterford,12
2016,Hughson,8
2016,CSU Stanislaus,1
2016,Union Pacific RR - Stanislaus,0
2016,CA Highway Patrol - Stanislaus,0
2016,Sutter Co. Sheriff's Department,88
2016,Yuba City,272
2016,Union Pacific RR - Sutter,0
2016,CA Highway Patrol - Sutter,0
2016,Tehama Co. Sheriff's Department,163
2016,Corning,38
2016,Red Bluff,159
2016,Union Pacific RR - Tehama,0
2016,CA Highway Patrol - Tehama,0
2016,Trinity Co. Sheriff's Department,65
2016,Union Pacific RR - Trinity,0
2016,CA Highway Patrol - Trinity,1
2016,Tulare Co. Sheriff's Department,350
2016,Dinuba,179
2016,Exeter,31
2016,Farmersville,30
2016,Lindsay,72
2016,Porterville,215
2016,Tulare,224
2016,Visalia,480
2016,Woodlake,25
2016,Union Pacific RR - Tulare,0
2016,College of the Sequoias,2
2016,CA Highway Patrol - Tulare,0
2016,Tuolumne Co. Sheriff's Department,159
2016,Sonora,28
2016,CA Highway Patrol - Tuolumne,0
2016,Ventura Co. Sheriff's Department,171
2016,Camarillo,123
2016,Fillmore,42
2016,Ojai,10
2016,Oxnard,948
2016,Port Hueneme,65
2016,Santa Paula,80
2016,Thousand Oaks,164
2016,Ventura,368
2016,Simi Valley,174
2016,Angeles DPR,2
2016,Moorpark,37
2016,Channel Coast DPR,1
2016,Hungry Valley DPR,0
2016,Union Pacific RR - Ventura,0
2016,CSU Channel Islands,4
2016,Ventura Community College,3
2016,CA Highway Patrol - Ventura,0
2016,Yolo Co. Sheriff's Department,56
2016,Davis,108
2016,Winters,12
2016,Woodland,218
2016,West Sacramento,233
2016,Union Pacific RR - Yolo,0
2016,UC Davis,12
2016,CA Highway Patrol - Yolo,0
2016,Yuba Co. Sheriff's Department,210
2016,Marysville,96
2016,Wheatland,12
2016,Union Pacific RR - Yuba,0
2016,CA Highway Patrol - Yuba,0
2017,Alameda Co. Sheriff's Department,675
2017,Alameda,253
2017,Albany,36
2017,Berkeley,666
2017,Emeryville,151
2017,Fremont,431
2017,Hayward,563
2017,Livermore,166
2017,Newark,88
2017,Oakland,5521
2017,Piedmont,14
2017,Pleasanton,99
2017,San Leandro,524
2017,Union City,255
2017,Alameda E. Bay Reg. Park Dist.,42
2017,CSU East Bay,6
2017,Union Pacific RR - Alameda,0
2017,Alameda BART,264
2017,Dublin,85
2017,Alameda E. Bay Mun. Util. Dist.,0
2017,UC Berkeley,71
2017,CA Highway Patrol - Alameda,13
2017,Alpine Co. Sheriff's Department,13
2017,CA Highway Patrol - Alpine,0
2017,Amador Co. Sheriff's Department,87
2017,Ione,3
2017,Jackson,21
2017,Sutter Creek,4
2017,Union Pacific RR - Amador,0
2017,CA Highway Patrol - Amador,0
2017,Butte Co. Sheriff's Department,161
2017,Biggs,17
2017,Chico,413
2017,Gridley,104
2017,Oroville,124
2017,Paradise,88
2017,Union Pacific RR - Butte,0
2017,Northern Buttes DPR,1
2017,CSU Chico,13
2017,CA Highway Patrol - Butte,0
2017,Calaveras Co. Sheriff's Department,200
2017,Angels Camp,7
2017,Union Pacific RR - Calaveras,0
2017,Calaveras DPR,1
2017,CA Highway Patrol - Calaveras,0
2017,Colusa Co. Sheriff's Department,60
2017,Colusa,5
2017,Williams,11
2017,Union Pacific RR - Colusa,0
2017,CA Highway Patrol - Colusa,2
2017,Contra Costa Co. Sheriff's Department,318
2017,Antioch,607
2017,Brentwood,157
2017,Clayton,8
2017,Concord,462
2017,El Cerrito,168
2017,Hercules,30
2017,Pinole,66
2017,Pittsburg,341
2017,Pleasant Hill,83
2017,Richmond,1014
2017,San Pablo,178
2017,Walnut Creek,105
2017,Kensington,3
2017,Martinez,54
2017,Lafayette,7
2017,Moraga,6
2017,Contra Costa E. Bay Reg. Park Dist.,0
2017,Contra Costa BART,67
2017,Contra Costa Community College,11
2017,Danville,16
2017,San Ramon,56
2017,Orinda,10
2017,Union Pacific RR - Contra Costa,0
2017,Oakley,52
2017,CA Highway Patrol - Contra Costa,11
2017,Del Norte Co. Sheriff's Department,113
2017,Crescent City,38
2017,CA Highway Patrol - Del Norte,0
2017,El Dorado Co. Sheriff's Department,206
2017,Placerville,29
2017,South Lake Tahoe,58
2017,Union Pacific RR - El Dorado,0
2017,CA Highway Patrol - El Dorado,1
2017,Fresno Co. Sheriff's Department,1213
2017,Clovis,243
2017,Coalinga,124
2017,Firebaugh,27
2017,Fowler,22
2017,Fresno,2974
2017,Huron,66
2017,Kerman,49
2017,Kingsburg,35
2017,Mendota,74
2017,Orange Cove,58
2017,Parlier,106
2017,Reedley,100
2017,Sanger,110
2017,Selma,292
2017,State Center Community College,4
2017,Union Pacific RR - Fresno,0
2017,San Joaquin DPR,1
2017,CSU Fresno,14
2017,CA Highway Patrol - Fresno,2
2017,Coalinga State Hospital,231
2017,Clovis Unified School,0
2017,Glenn Co. Sheriff's Department,81
2017,Orland,24
2017,Willows,12
2017,Union Pacific RR - Glenn,0
2017,CA Highway Patrol - Glenn,0
2017,Humboldt Co. Sheriff's Department,273
2017,Arcata,64
2017,Eureka,244
2017,Ferndale,2
2017,Fortuna,49
2017,Rio Dell,6
2017,CSU Humboldt (Arcata),4
2017,Union Pacific RR - Humboldt,0
2017,Northern Coast Redwoods DPR,2
2017,CA Highway Patrol - Humboldt,2
2017,Imperial Co. Sheriff's Department,137
2017,Brawley,176
2017,Calexico,89
2017,El Centro,185
2017,Holtville,25
2017,Imperial,11
2017,Westmorland,5
2017,Union Pacific RR - Imperial,0
2017,CA Highway Patrol - Imperial,0
2017,Inyo Co. Sheriff's Department,84
2017,Bishop,44
2017,Union Pacific RR - Inyo,0
2017,CA Highway Patrol - Inyo,0
2017,Kern Co. Sheriff's Department,2187
2017,Arvin,229
2017,Bakersfield,1827
2017,Delano,248
2017,McFarland,67
2017,Ridgecrest,155
2017,Shafter,43
2017,Taft,83
2017,Tehachapi,49
2017,California City,88
2017,Stallion Springs,4
2017,Bear Valley,5
2017,Union Pacific RR - Kern,0
2017,CSU Bakersfield,3
2017,CA Highway Patrol - Kern,1
2017,Kern High School District,0
2017,Kings Co. Sheriff's Department,165
2017,Corcoran,78
2017,Hanford,284
2017,Lemoore,141
2017,Union Pacific RR - Kings,0
2017,Porterville Developmental Center,20
2017,Avenal,66
2017,CA Highway Patrol - Kings,0
2017,Lake Co. Sheriff's Department,221
2017,Lakeport,28
2017,Clearlake,144
2017,CA Highway Patrol - Lake,3
2017,Lassen Co. Sheriff's Department,60
2017,Susanville,209
2017,Union Pacific RR - Lassen,0
2017,CA Highway Patrol - Lassen,1
2017,Los Angeles Co. Sheriff's Department,6118
2017,Alhambra,172
2017,Arcadia,110
2017,Artesia,103
2017,Avalon,20
2017,Azusa,147
2017,Baldwin Park,348
2017,Bell,228
2017,Bellflower,363
2017,Bell Gardens,100
2017,El Camino College,4
2017,La Habra Heights,4
2017,Union Pacific RR - Los Angeles,2
2017,Metropolitan Trans. Authority (MTA),1
2017,Pasadena Community College,1
2017,Westlake Village,14
2017,Beverly Hills,118
2017,Bradbury,1
2017,Burbank,253
2017,Claremont,74
2017,Commerce,106
2017,Compton,1164
2017,Covina,172
2017,Cudahy,74
2017,Culver City,183
2017,Cerritos,127
2017,Lanterman Developmental Center,0
2017,Agoura Hills,16
2017,West Hollywood,254
2017,Santa Clarita,352
2017,Diamond Bar,57
2017,Downey,382
2017,Duarte,64
2017,El Monte,451
2017,El Segundo,40
2017,Gardena,393
2017,Glendale,274
2017,Glendora,129
2017,Hawaiian Gardens,86
2017,Hawthorne,587
2017,Hermosa Beach,28
2017,Calabasas,30
2017,Malibu,38
2017,Los Angeles Transit Serv. Bureau,411
2017,Hidden Hills,1
2017,Huntington Park,427
2017,Industry,73
2017,Inglewood,785
2017,Irwindale,12
2017,Lakewood,318
2017,La Mirada,104
2017,La Puente,148
2017,La Verne,92
2017,Lawndale,178
2017,Lomita,56
2017,Long Beach,3101
2017,Los Angeles,30507
2017,Lynwood,458
2017,Manhattan Beach,71
2017,Maywood,115
2017,Monrovia,66
2017,Montebello,203
2017,Monterey Park,112
2017,Norwalk,437
2017,Palmdale,681
2017,Palos Verdes Estates,3
2017,Paramount,324
2017,Pasadena,574
2017,Pico Rivera,236
2017,Pomona,853
2017,Redondo Beach,176
2017,Rolling Hills,0
2017,Rolling Hills Estates,12
2017,Rosemead,173
2017,San Dimas,67
2017,San Fernando,120
2017,San Gabriel,114
2017,San Marino,14
2017,Santa Fe Springs,106
2017,Santa Monica,705
2017,Sierra Madre,8
2017,Signal Hill,63
2017,South El Monte,121
2017,South Gate,674
2017,South Pasadena,18
2017,Temple City,54
2017,Torrance,267
2017,Vernon,35
2017,Walnut,43
2017,West Covina,275
2017,Whittier,300
2017,Carson,475
2017,Cal Poly - Pomona,4
2017,Rancho Palos Verdes,33
2017,CSU Dominguez Hills,7
2017,CSU Long Beach,9
2017,CSU Los Angeles,3
2017,CSU Northridge,9
2017,La Canada-Flintridge,16
2017,Lancaster,1219
2017,UC Los Angeles,108
2017,CA Highway Patrol - Los Angeles,46
2017,Metropolitan State Hospital,1116
2017,Baldwin Park School,0
2017,Madera Co. Sheriff's Department,451
2017,Chowchilla,62
2017,Madera,378
2017,Union Pacific RR - Madera,0
2017,CA Highway Patrol - Madera,0
2017,Marin Co. Sheriff's Department,91
2017,Belvedere,0
2017,Fairfax,4
2017,Mill Valley,9
2017,Novato,92
2017,Ross,2
2017,San Rafael,194
2017,Sausalito,14
2017,Tiburon,3
2017,Union Pacific RR - Marin,0
2017,Marin Community College,2
2017,Marin DPR,2
2017,Central Marin,46
2017,CA Highway Patrol - Marin,4
2017,Mariposa Co. Sheriff's Department,107
2017,CA Highway Patrol - Mariposa,1
2017,Mendocino Co. Sheriff's Department,254
2017,Fort Bragg,47
2017,Ukiah,121
2017,Willits,57
2017,Mendocino DPR,0
2017,Union Pacific RR - Mendocino,0
2017,CA Highway Patrol - Mendocino,1
2017,Merced Co. Sheriff's Department,521
2017,Atwater,188
2017,Dos Palos,59
2017,Gustine,33
2017,Livingston,54
2017,Los Banos,138
2017,Merced,563
2017,Union Pacific RR - Merced,0
2017,Four Rivers DPR,1
2017,UC Merced,0
2017,CA Highway Patrol - Merced,0
2017,Modoc Co. Sheriff's Department,19
2017,Alturas,39
2017,Union Pacific RR - Modoc,0
2017,CA Highway Patrol - Modoc,0
2017,Mono Co. Sheriff's Department,16
2017,Mammoth Lakes,27
2017,CA Highway Patrol - Mono,0
2017,Monterey Co. Sheriff's Department,243
2017,Carmel,6
2017,Del Rey Oaks,1
2017,Gonzales,10
2017,Greenfield,102
2017,King City,57
2017,Monterey,125
2017,Pacific Grove,16
2017,Salinas,1021
2017,Sand City,10
2017,Seaside,92
2017,Soledad,50
2017,Marina,54
2017,Monterey Airport,0
2017,Union Pacific RR - Monterey,0
2017,Monterey DPR,0
2017,CSU Monterey Bay,12
2017,CA Highway Patrol - Monterey,3
2017,Napa Co. Sheriff's Department,56
2017,Calistoga,9
2017,Napa,272
2017,St. Helena,11
2017,Union Pacific RR - Napa,0
2017,Napa State Hospital,198
2017,American Canyon,49
2017,Yountville,1
2017,CA Highway Patrol - Napa,1
2017,Nevada Co. Sheriff's Department,174
2017,Grass Valley,76
2017,Nevada City,8
2017,Union Pacific RR - Nevada,0
2017,Truckee,19
2017,CA Highway Patrol - Nevada,3
2017,Orange Co. Sheriff's Department,271
2017,Anaheim,1253
2017,Brea,114
2017,Buena Park,292
2017,Costa Mesa,361
2017,Cypress,69
2017,La Palma,19
2017,Fountain Valley,68
2017,Fullerton,293
2017,Garden Grove,602
2017,Huntington Beach,461
2017,Laguna Beach,100
2017,La Habra,137
2017,Los Alamitos,16
2017,Newport Beach,124
2017,Orange,218
2017,Placentia,89
2017,San Clemente,91
2017,San Juan Capistrano,82
2017,Santa Ana,1640
2017,Seal Beach,45
2017,Stanton,142
2017,Tustin,132
2017,Villa Park,2
2017,Westminster,281
2017,Yorba Linda,45
2017,Irvine,169
2017,CSU Fullerton,5
2017,Union Pacific RR - Orange,0
2017,Orange Coast DPR,0
2017,Fairview Developmental Center,3
2017,Mission Viejo,101
2017,Dana Point,64
2017,Laguna Niguel,54
2017,Laguna Hills,44
2017,Lake Forest,133
2017,Laguna Woods,4
2017,Rancho Santa Margarita,32
2017,Aliso Viejo,44
2017,UC Irvine,15
2017,CA Highway Patrol - Orange,12
2017,Irvine Valley College,0
2017,Placer Co. Sheriff's Department,302
2017,Auburn,54
2017,Lincoln,44
2017,Rocklin,66
2017,Roseville,237
2017,Sierra DPR,0
2017,Union Pacific RR - Placer,0
2017,CA Highway Patrol - Placer,0
2017,Plumas Co. Sheriff's Department,146
2017,Union Pacific RR - Plumas,0
2017,CA Highway Patrol - Plumas,0
2017,Riverside Co. Sheriff's Department,775
2017,Banning,151
2017,Beaumont,182
2017,Blythe,62
2017,Coachella,128
2017,Desert Hot Springs,292
2017,Hemet,457
2017,Indio,639
2017,Norco,69
2017,Palm Springs,290
2017,Perris,192
2017,Riverside,1669
2017,San Jacinto,114
2017,Corona,223
2017,Indian Wells,1
2017,Rancho Mirage,28
2017,Palm Desert,91
2017,Union Pacific RR - Riverside,1
2017,Inland Empire DPR,1
2017,Cathedral City,137
2017,Lake Elsinore,177
2017,La Quinta,67
2017,Moreno Valley,798
2017,Temecula,117
2017,Calimesa,12
2017,Canyon Lake,16
2017,Murrieta,80
2017,Riverside Community College,2
2017,Wildomar,56
2017,Menifee,123
2017,Eastvale,55
2017,UC Riverside,13
2017,CA Highway Patrol - Riverside,17
2017,Jurupa Valley,272
2017,Mount San Jacinto Community College,1
2017,Sacramento Co. Sheriff's Department,2612
2017,Folsom,64
2017,Galt,91
2017,Isleton,5
2017,Sacramento,3378
2017,CSU Sacramento,2
2017,Elk Grove,560
2017,Gold Fields DPR,0
2017,Twin Rivers Unified School,19
2017,CA State Fair,7
2017,Capital DPR,1
2017,Twin Cities DPR,0
2017,Union Pacific RR - Sacramento,0
2017,Rancho Cordova,305
2017,Citrus Heights,349
2017,UC Med Center Sacramento,5
2017,CA Highway Patrol - Sacramento,14
2017,San Benito Co. Sheriff's Department,51
2017,Hollister,132
2017,Union Pacific RR - San Benito,0
2017,Hollister Hills DPR,0
2017,CA Highway Patrol - San Benito,0
2017,San Bernardino Co. Sheriff's Department,862
2017,Barstow,302
2017,Chino,227
2017,Colton,245
2017,Fontana,714
2017,Montclair,230
2017,Needles,37
2017,Ontario,683
2017,Redlands,216
2017,Rialto,399
2017,San Bernardino,2805
2017,Upland,232
2017,Victorville,862
2017,Adelanto,238
2017,CSU San Bernardino,6
2017,Rancho Cucamonga,329
2017,Big Bear,52
2017,Grand Terrace,32
2017,Loma Linda,39
2017,San Bernardino Unified School,51
2017,Highland,186
2017,Twentynine Palms,40
2017,Hesperia,380
2017,Apple Valley,231
2017,Yucaipa,74
2017,San Bernardino College,11
2017,Chino Hills,70
2017,Yucca Valley,65
2017,Fontana Unified School,21
2017,Union Pacific RR - San Bernardino,0
2017,Patton State Hospital,547
2017,Tehachapi DPR,0
2017,CA Highway Patrol - San Bernardino,31
2017,Chaffey College,0
2017,San Diego Co. Sheriff's Department,1486
2017,Carlsbad,247
2017,Chula Vista,808
2017,Coronado,29
2017,Del Mar,12
2017,El Cajon,429
2017,Escondido,576
2017,Imperial Beach,133
2017,La Mesa,160
2017,National City,296
2017,Oceanside,694
2017,San Diego,5221
2017,San Marcos,195
2017,Vista,370
2017,CSU San Diego,15
2017,San Diego Harbor,62
2017,Colorado DPR,0
2017,Ocotillo Wells DPR,0
2017,San Diego Coast DPR,5
2017,CSU San Marcos,6
2017,UC San Diego,8
2017,CA Highway Patrol - San Diego,33
2017,Lemon Grove,171
2017,Santee,155
2017,Poway,58
2017,Encinitas,106
2017,Solana Beach,13
2017,San Francisco,6301
2017,CSU San Francisco,9
2017,San Francisco BART,69
2017,UC Hastings College of Law,0
2017,Union Pacific RR - San Francisco,0
2017,UC San Francisco,22
2017,CA Highway Patrol - San Francisco,9
2017,San Joaquin Co. Sheriff's Department,746
2017,Escalon,34
2017,Lodi,323
2017,Manteca,256
2017,Ripon,13
2017,Stockton,4379
2017,Tracy,193
2017,Stockton Unified School,47
2017,Union Pacific RR - San Joaquin,0
2017,CA Highway Patrol - San Joaquin,0
2017,San Luis Obispo Co. Sheriff's Department,137
2017,Arroyo Grande,32
2017,Grover Beach,39
2017,Morro Bay,22
2017,Paso Robles,35
2017,Pismo Beach,42
2017,San Luis Obispo,178
2017,Cal Poly San Luis Obispo,9
2017,Atascadero,107
2017,San Luis Obispo Coast DPR,0
2017,Oceano Dunes DPR,8
2017,Atascadero State Hospital,217
2017,Union Pacific RR - San Luis Obispo,0
2017,Cuesta College,0
2017,CA Highway Patrol - San Luis Obispo,3
2017,Bay Area DPR,0
2017,San Mateo Co. Sheriff's Department,311
2017,Atherton,4
2017,Belmont,39
2017,Brisbane,12
2017,Burlingame,74
2017,Colma,21
2017,Daly City,265
2017,Hillsborough,8
2017,Menlo Park,53
2017,Pacifica,86
2017,Redwood City,209
2017,San Bruno,121
2017,San Mateo,268
2017,South San Francisco,234
2017,Broadmoor,21
2017,Foster City,43
2017,San Mateo BART,28
2017,Union Pacific RR - San Mateo,0
2017,East Palo Alto,125
2017,CA Highway Patrol - San Mateo,6
2017,Santa Barbara Co. Sheriff's Department,272
2017,Guadalupe,4
2017,Lompoc,243
2017,Santa Barbara,377
2017,Santa Maria,476
2017,Carpinteria,34
2017,Union Pacific RR - Santa Barbara,0
2017,Solvang,7
2017,Allen Hancock College,0
2017,Buelton,6
2017,Goleta,51
2017,UC Santa Barbara,56
2017,CA Highway Patrol - Santa Barbara,6
2017,Santa Clara Co. Sheriff's Department,383
2017,Campbell,102
2017,Cupertino,77
2017,Gilroy,208
2017,Los Altos,10
2017,Los Altos Hills,2
2017,Los Gatos,14
2017,Milpitas,114
2017,Monte Sereno,0
2017,Morgan Hill,72
2017,Mountain View,150
2017,Palo Alto,90
2017,San Jose,4188
2017,Santa Clara,214
2017,Saratoga,33
2017,Sunnyvale,182
2017,CSU San Jose,33
2017,San Jose Community College,0
2017,West Valley College District,3
2017,Foothill College,1
2017,Union Pacific RR - Santa Clara,0
2017,Santa Clara Transit District,110
2017,CA Highway Patrol - Santa Clara,9
2017,Santa Cruz Co. Sheriff's Department,288
2017,Capitola,34
2017,Santa Cruz,409
2017,Watsonville,298
2017,Scotts Valley,14
2017,Union Pacific RR - Santa Cruz,0
2017,Santa Cruz Mtns. DPR,0
2017,UC Santa Cruz,13
2017,CA Highway Patrol - Santa Cruz,0
2017,Shasta Co. Sheriff's Department,527
2017,Anderson,43
2017,Redding,654
2017,Union Pacific RR - Shasta,0
2017,Shasta Marshal's Office,1
2017,CA Highway Patrol - Shasta,0
2017,Sierra Co. Sheriff's Department,5
2017,Union Pacific RR - Sierra,0
2017,CA Highway Patrol - Sierra,0
2017,Siskiyou Co. Sheriff's Department,54
2017,Dorris,1
2017,Dunsmuir,9
2017,Etna,2
2017,Fort Jones,2
2017,Montague,9
2017,Mount Shasta,17
2017,Tulelake,2
2017,Weed,23
2017,Yreka,51
2017,Lake Shastina,1
2017,Union Pacific RR - Siskiyou,1
2017,CA Highway Patrol - Siskiyou,4
2017,Solano Co. Sheriff's Department,105
2017,Benicia,28
2017,Dixon,39
2017,Fairfield,546
2017,Rio Vista,41
2017,Suisun,101
2017,Vacaville,198
2017,Vallejo,1048
2017,Union Pacific RR - Solano,0
2017,CA Highway Patrol - Solano,6
2017,Sonoma Co. Sheriff's Department,636
2017,Cloverdale,27
2017,Cotati,49
2017,Healdsburg,19
2017,Rohnert Park,218
2017,Santa Rosa,722
2017,Sebastopol,20
2017,Sonoma,31
2017,Petaluma,233
2017,CSU Sonoma,4
2017,Union Pacific RR - Sonoma,0
2017,Sonoma Mendocino Coast DPR,2
2017,Sonoma Developmental Center,1
2017,Sonoma Co. Junior College,0
2017,Windsor,61
2017,CA Highway Patrol - Sonoma,2
2017,Silverado DPR,0
2017,Stanislaus Co. Sheriff's Department,398
2017,Ceres,227
2017,Modesto,2074
2017,Newman,13
2017,Oakdale,31
2017,Patterson,46
2017,Riverbank,40
2017,Turlock,447
2017,Waterford,16
2017,Hughson,2
2017,CSU Stanislaus,5
2017,Union Pacific RR - Stanislaus,0
2017,CA Highway Patrol - Stanislaus,1
2017,Sutter Co. Sheriff's Department,87
2017,Yuba City,255
2017,Union Pacific RR - Sutter,0
2017,CA Highway Patrol - Sutter,0
2017,Tehama Co. Sheriff's Department,89
2017,Corning,25
2017,Red Bluff,160
2017,Union Pacific RR - Tehama,0
2017,CA Highway Patrol - Tehama,0
2017,Trinity Co. Sheriff's Department,75
2017,Union Pacific RR - Trinity,0
2017,CA Highway Patrol - Trinity,2
2017,Tulare Co. Sheriff's Department,362
2017,Dinuba,194
2017,Exeter,24
2017,Farmersville,34
2017,Lindsay,45
2017,Porterville,247
2017,Tulare,254
2017,Visalia,457
2017,Woodlake,27
2017,Union Pacific RR - Tulare,0
2017,College of the Sequoias,1
2017,CA Highway Patrol - Tulare,0
2017,Tuolumne Co. Sheriff's Department,173
2017,Sonora,33
2017,CA Highway Patrol - Tuolumne,0
2017,Ventura Co. Sheriff's Department,176
2017,Camarillo,107
2017,Fillmore,30
2017,Ojai,4
2017,Oxnard,908
2017,Port Hueneme,39
2017,Santa Paula,103
2017,Thousand Oaks,172
2017,Ventura,460
2017,Simi Valley,184
2017,Angeles DPR,2
2017,Moorpark,48
2017,Channel Coast DPR,3
2017,Hungry Valley DPR,0
2017,Union Pacific RR - Ventura,0
2017,CSU Channel Islands,1
2017,Ventura Community College,1
2017,CA Highway Patrol - Ventura,1
2017,Yolo Co. Sheriff's Department,56
2017,Davis,94
2017,Winters,14
2017,Woodland,187
2017,West Sacramento,199
2017,Union Pacific RR - Yolo,0
2017,UC Davis,17
2017,CA Highway Patrol - Yolo,1
2017,Yuba Co. Sheriff's Department,224
2017,Marysville,95
2017,Wheatland,6
2017,Union Pacific RR - Yuba,0
2017,CA Highway Patrol - Yuba,0
2018,Alameda Co. Sheriff's Department,670
2018,Alameda,184
2018,Albany,37
2018,Berkeley,586
2018,Emeryville,170
2018,Fremont,502
2018,Hayward,669
2018,Livermore,186
2018,Newark,97
2018,Oakland,5480
2018,Piedmont,21
2018,Pleasanton,110
2018,San Leandro,473
2018,Union City,261
2018,Alameda E. Bay Reg. Park Dist.,43
2018,CSU East Bay,3
2018,Union Pacific RR - Alameda,0
2018,Alameda BART,303
2018,Dublin,108
2018,Alameda E. Bay Mun. Util. Dist.,0
2018,UC Berkeley,37
2018,CA Highway Patrol - Alameda,8
2018,Alpine Co. Sheriff's Department,12
2018,CA Highway Patrol - Alpine,0
2018,Amador Co. Sheriff's Department,83
2018,Ione,5
2018,Jackson,29
2018,Sutter Creek,1
2018,Union Pacific RR - Amador,0
2018,CA Highway Patrol - Amador,0
2018,Butte Co. Sheriff's Department,327
2018,Biggs,10
2018,Chico,611
2018,Gridley,80
2018,Oroville,112
2018,Paradise,65
2018,Union Pacific RR - Butte,0
2018,Northern Buttes DPR,0
2018,CSU Chico,9
2018,CA Highway Patrol - Butte,0
2018,Calaveras Co. Sheriff's Department,187
2018,Angels Camp,10
2018,Union Pacific RR - Calaveras,0
2018,Calaveras DPR,0
2018,CA Highway Patrol - Calaveras,0
2018,Colusa Co. Sheriff's Department,24
2018,Colusa,11
2018,Williams,22
2018,Union Pacific RR - Colusa,0
2018,CA Highway Patrol - Colusa,0
2018,Contra Costa Co. Sheriff's Department,300
2018,Antioch,602
2018,Brentwood,152
2018,Clayton,1
2018,Concord,473
2018,El Cerrito,171
2018,Hercules,30
2018,Pinole,70
2018,Pittsburg,422
2018,Pleasant Hill,57
2018,Richmond,1046
2018,San Pablo,180
2018,Walnut Creek,109
2018,Kensington,2
2018,Martinez,73
2018,Lafayette,10
2018,Moraga,12
2018,Contra Costa E. Bay Reg. Park Dist.,0
2018,Contra Costa BART,50
2018,Contra Costa Community College,9
2018,Danville,16
2018,San Ramon,43
2018,Orinda,9
2018,Union Pacific RR - Contra Costa,0
2018,Oakley,42
2018,CA Highway Patrol - Contra Costa,1
2018,Del Norte Co. Sheriff's Department,102
2018,Crescent City,35
2018,CA Highway Patrol - Del Norte,0
2018,El Dorado Co. Sheriff's Department,239
2018,Placerville,54
2018,South Lake Tahoe,182
2018,Union Pacific RR - El Dorado,0
2018,CA Highway Patrol - El Dorado,0
2018,Fresno Co. Sheriff's Department,1534
2018,Clovis,221
2018,Coalinga,73
2018,Firebaugh,45
2018,Fowler,22
2018,Fresno,2953
2018,Huron,96
2018,Kerman,59
2018,Kingsburg,40
2018,Mendota,86
2018,Orange Cove,25
2018,Parlier,111
2018,Reedley,105
2018,Sanger,88
2018,Selma,240
2018,State Center Community College,1
2018,Union Pacific RR - Fresno,0
2018,San Joaquin DPR,1
2018,CSU Fresno,11
2018,CA Highway Patrol - Fresno,1
2018,Coalinga State Hospital,177
2018,Clovis Unified School,0
2018,Glenn Co. Sheriff's Department,55
2018,Orland,25
2018,Willows,0
2018,Union Pacific RR - Glenn,0
2018,CA Highway Patrol - Glenn,0
2018,Humboldt Co. Sheriff's Department,240
2018,Arcata,64
2018,Eureka,197
2018,Ferndale,6
2018,Fortuna,46
2018,Rio Dell,8
2018,CSU Humboldt (Arcata),7
2018,Union Pacific RR - Humboldt,0
2018,Northern Coast Redwoods DPR,0
2018,CA Highway Patrol - Humboldt,3
2018,Imperial Co. Sheriff's Department,241
2018,Brawley,154
2018,Calexico,87
2018,El Centro,126
2018,Holtville,15
2018,Imperial,9
2018,Westmorland,12
2018,Union Pacific RR - Imperial,0
2018,CA Highway Patrol - Imperial,1
2018,Inyo Co. Sheriff's Department,80
2018,Bishop,41
2018,Union Pacific RR - Inyo,0
2018,CA Highway Patrol - Inyo,1
2018,Kern Co. Sheriff's Department,2423
2018,Arvin,207
2018,Bakersfield,1895
2018,Delano,238
2018,McFarland,61
2018,Ridgecrest,171
2018,Shafter,44
2018,Taft,72
2018,Tehachapi,82
2018,California City,47
2018,Stallion Springs,1
2018,Bear Valley,5
2018,Union Pacific RR - Kern,1
2018,CSU Bakersfield,1
2018,CA Highway Patrol - Kern,1
2018,Kern High School District,40
2018,Kings Co. Sheriff's Department,133
2018,Corcoran,75
2018,Hanford,274
2018,Lemoore,188
2018,Union Pacific RR - Kings,0
2018,Porterville Developmental Center,70
2018,Avenal,44
2018,CA Highway Patrol - Kings,0
2018,Lake Co. Sheriff's Department,201
2018,Lakeport,27
2018,Clearlake,109
2018,CA Highway Patrol - Lake,1
2018,Lassen Co. Sheriff's Department,57
2018,Susanville,197
2018,Union Pacific RR - Lassen,0
2018,CA Highway Patrol - Lassen,0
2018,Los Angeles Co. Sheriff's Department,5790
2018,Alhambra,193
2018,Arcadia,76
2018,Artesia,82
2018,Avalon,4
2018,Azusa,193
2018,Baldwin Park,287
2018,Bell,184
2018,Bellflower,335
2018,Bell Gardens,117
2018,El Camino College,3
2018,La Habra Heights,6
2018,Union Pacific RR - Los Angeles,0
2018,Metropolitan Trans. Authority (MTA),2
2018,Pasadena Community College,1
2018,Westlake Village,12
2018,Beverly Hills,106
2018,Bradbury,2
2018,Burbank,229
2018,Claremont,66
2018,Commerce,128
2018,Compton,1174
2018,Covina,188
2018,Cudahy,90
2018,Culver City,188
2018,Cerritos,162
2018,Lanterman Developmental Center,0
2018,Agoura Hills,27
2018,West Hollywood,301
2018,Santa Clarita,292
2018,Diamond Bar,58
2018,Downey,367
2018,Duarte,62
2018,El Monte,362
2018,El Segundo,62
2018,Gardena,326
2018,Glendale,202
2018,Glendora,122
2018,Hawaiian Gardens,81
2018,Hawthorne,617
2018,Hermosa Beach,30
2018,Calabasas,26
2018,Malibu,37
2018,Los Angeles Transit Serv. Bureau,185
2018,Hidden Hills,0
2018,Huntington Park,429
2018,Industry,87
2018,Inglewood,683
2018,Irwindale,12
2018,Lakewood,270
2018,La Mirada,89
2018,La Puente,162
2018,La Verne,87
2018,Lawndale,129
2018,Lomita,66
2018,Long Beach,3284
2018,Los Angeles,30126
2018,Lynwood,426
2018,Manhattan Beach,57
2018,Maywood,87
2018,Monrovia,69
2018,Montebello,218
2018,Monterey Park,124
2018,Norwalk,449
2018,Palmdale,591
2018,Palos Verdes Estates,6
2018,Paramount,329
2018,Pasadena,547
2018,Pico Rivera,228
2018,Pomona,877
2018,Redondo Beach,171
2018,Rolling Hills,0
2018,Rolling Hills Estates,8
2018,Rosemead,194
2018,San Dimas,80
2018,San Fernando,102
2018,San Gabriel,136
2018,San Marino,11
2018,Santa Fe Springs,105
2018,Santa Monica,797
2018,Sierra Madre,7
2018,Signal Hill,86
2018,South El Monte,126
2018,South Gate,634
2018,South Pasadena,32
2018,Temple City,64
2018,Torrance,267
2018,Vernon,27
2018,Walnut,22
2018,West Covina,292
2018,Whittier,233
2018,Carson,435
2018,Cal Poly - Pomona,7
2018,Rancho Palos Verdes,32
2018,CSU Dominguez Hills,6
2018,CSU Long Beach,5
2018,CSU Los Angeles,7
2018,CSU Northridge,11
2018,La Canada-Flintridge,13
2018,Lancaster,1193
2018,UC Los Angeles,72
2018,CA Highway Patrol - Los Angeles,51
2018,Metropolitan State Hospital,1134
2018,Baldwin Park School,0
2018,Madera Co. Sheriff's Department,453
2018,Chowchilla,42
2018,Madera,399
2018,Union Pacific RR - Madera,0
2018,CA Highway Patrol - Madera,2
2018,Marin Co. Sheriff's Department,96
2018,Belvedere,0
2018,Fairfax,6
2018,Mill Valley,9
2018,Novato,97
2018,Ross,1
2018,San Rafael,257
2018,Sausalito,9
2018,Tiburon,7
2018,Union Pacific RR - Marin,0
2018,Marin Community College,4
2018,Marin DPR,0
2018,Central Marin,40
2018,CA Highway Patrol - Marin,2
2018,Mariposa Co. Sheriff's Department,67
2018,CA Highway Patrol - Mariposa,0
2018,Mendocino Co. Sheriff's Department,213
2018,Fort Bragg,31
2018,Ukiah,95
2018,Willits,21
2018,Mendocino DPR,0
2018,Union Pacific RR - Mendocino,0
2018,CA Highway Patrol - Mendocino,9
2018,Merced Co. Sheriff's Department,608
2018,Atwater,179
2018,Dos Palos,71
2018,Gustine,38
2018,Livingston,41
2018,Los Banos,144
2018,Merced,465
2018,Union Pacific RR - Merced,0
2018,Four Rivers DPR,0
2018,UC Merced,2
2018,CA Highway Patrol - Merced,0
2018,Modoc Co. Sheriff's Department,27
2018,Alturas,24
2018,Union Pacific RR - Modoc,0
2018,CA Highway Patrol - Modoc,0
2018,Mono Co. Sheriff's Department,22
2018,Mammoth Lakes,19
2018,CA Highway Patrol - Mono,0
2018,Monterey Co. Sheriff's Department,253
2018,Carmel,11
2018,Del Rey Oaks,2
2018,Gonzales,11
2018,Greenfield,97
2018,King City,32
2018,Monterey,112
2018,Pacific Grove,23
2018,Salinas,981
2018,Sand City,8
2018,Seaside,92
2018,Soledad,70
2018,Marina,49
2018,Monterey Airport,0
2018,Union Pacific RR - Monterey,0
2018,Monterey DPR,0
2018,CSU Monterey Bay,9
2018,CA Highway Patrol - Monterey,0
2018,Napa Co. Sheriff's Department,72
2018,Calistoga,10
2018,Napa,269
2018,St. Helena,9
2018,Union Pacific RR - Napa,0
2018,Napa State Hospital,265
2018,American Canyon,56
2018,Yountville,2
2018,CA Highway Patrol - Napa,0
2018,Nevada Co. Sheriff's Department,150
2018,Grass Valley,70
2018,Nevada City,13
2018,Union Pacific RR - Nevada,0
2018,Truckee,17
2018,CA Highway Patrol - Nevada,0
2018,Orange Co. Sheriff's Department,310
2018,Anaheim,1192
2018,Brea,83
2018,Buena Park,257
2018,Costa Mesa,344
2018,Cypress,58
2018,La Palma,20
2018,Fountain Valley,52
2018,Fullerton,332
2018,Garden Grove,507
2018,Huntington Beach,429
2018,Laguna Beach,90
2018,La Habra,111
2018,Los Alamitos,8
2018,Newport Beach,124
2018,Orange,160
2018,Placentia,120
2018,San Clemente,114
2018,San Juan Capistrano,84
2018,Santa Ana,1571
2018,Seal Beach,39
2018,Stanton,135
2018,Tustin,122
2018,Villa Park,0
2018,Westminster,286
2018,Yorba Linda,44
2018,Irvine,160
2018,CSU Fullerton,6
2018,Union Pacific RR - Orange,1
2018,Orange Coast DPR,0
2018,Fairview Developmental Center,0
2018,Mission Viejo,113
2018,Dana Point,69
2018,Laguna Niguel,81
2018,Laguna Hills,55
2018,Lake Forest,159
2018,Laguna Woods,10
2018,Rancho Santa Margarita,46
2018,Aliso Viejo,43
2018,UC Irvine,20
2018,CA Highway Patrol - Orange,7
2018,Irvine Valley College,0
2018,Placer Co. Sheriff's Department,223
2018,Auburn,72
2018,Lincoln,35
2018,Rocklin,52
2018,Roseville,299
2018,Sierra DPR,0
2018,Union Pacific RR - Placer,0
2018,CA Highway Patrol - Placer,7
2018,Plumas Co. Sheriff's Department,130
2018,Union Pacific RR - Plumas,0
2018,CA Highway Patrol - Plumas,0
2018,Riverside Co. Sheriff's Department,829
2018,Banning,135
2018,Beaumont,208
2018,Blythe,71
2018,Coachella,104
2018,Desert Hot Springs,309
2018,Hemet,432
2018,Indio,495
2018,Norco,63
2018,Palm Springs,274
2018,Perris,214
2018,Riverside,1686
2018,San Jacinto,132
2018,Corona,263
2018,Indian Wells,1
2018,Rancho Mirage,24
2018,Palm Desert,91
2018,Union Pacific RR - Riverside,0
2018,Inland Empire DPR,0
2018,Cathedral City,172
2018,Lake Elsinore,161
2018,La Quinta,42
2018,Moreno Valley,775
2018,Temecula,139
2018,Calimesa,12
2018,Canyon Lake,12
2018,Murrieta,92
2018,Riverside Community College,0
2018,Wildomar,48
2018,Menifee,155
2018,Eastvale,63
2018,UC Riverside,14
2018,CA Highway Patrol - Riverside,11
2018,Jurupa Valley,332
2018,Mount San Jacinto Community College,1
2018,Sacramento Co. Sheriff's Department,2351
2018,Folsom,85
2018,Galt,96
2018,Isleton,0
2018,Sacramento,3329
2018,CSU Sacramento,10
2018,Elk Grove,414
2018,Gold Fields DPR,0
2018,Twin Rivers Unified School,17
2018,CA State Fair,6
2018,Capital DPR,1
2018,Twin Cities DPR,0
2018,Union Pacific RR - Sacramento,0
2018,Rancho Cordova,272
2018,Citrus Heights,324
2018,UC Med Center Sacramento,3
2018,CA Highway Patrol - Sacramento,9
2018,San Benito Co. Sheriff's Department,51
2018,Hollister,98
2018,Union Pacific RR - San Benito,0
2018,Hollister Hills DPR,0
2018,CA Highway Patrol - San Benito,0
2018,San Bernardino Co. Sheriff's Department,1054
2018,Barstow,285
2018,Chino,259
2018,Colton,184
2018,Fontana,709
2018,Montclair,239
2018,Needles,59
2018,Ontario,670
2018,Redlands,264
2018,Rialto,543
2018,San Bernardino,2906
2018,Upland,290
2018,Victorville,809
2018,Adelanto,239
2018,CSU San Bernardino,4
2018,Rancho Cucamonga,290
2018,Big Bear,36
2018,Grand Terrace,37
2018,Loma Linda,40
2018,San Bernardino Unified School,42
2018,Highland,208
2018,Twentynine Palms,81
2018,Hesperia,406
2018,Apple Valley,227
2018,Yucaipa,101
2018,San Bernardino College,1
2018,Chino Hills,77
2018,Yucca Valley,85
2018,Fontana Unified School,27
2018,Union Pacific RR - San Bernardino,0
2018,Patton State Hospital,360
2018,Tehachapi DPR,1
2018,CA Highway Patrol - San Bernardino,44
2018,Chaffey College,0
2018,San Diego Co. Sheriff's Department,1523
2018,Carlsbad,243
2018,Chula Vista,835
2018,Coronado,18
2018,Del Mar,14
2018,El Cajon,515
2018,Escondido,535
2018,Imperial Beach,79
2018,La Mesa,160
2018,National City,306
2018,Oceanside,669
2018,San Diego,5360
2018,San Marcos,202
2018,Vista,330
2018,CSU San Diego,17
2018,San Diego Harbor,54
2018,Colorado DPR,0
2018,Ocotillo Wells DPR,0
2018,San Diego Coast DPR,4
2018,CSU San Marcos,2
2018,UC San Diego,16
2018,CA Highway Patrol - San Diego,31
2018,Lemon Grove,155
2018,Santee,109
2018,Poway,65
2018,Encinitas,114
2018,Solana Beach,23
2018,San Francisco,6144
2018,CSU San Francisco,9
2018,San Francisco BART,115
2018,UC Hastings College of Law,0
2018,Union Pacific RR - San Francisco,0
2018,UC San Francisco,17
2018,CA Highway Patrol - San Francisco,5
2018,San Joaquin Co. Sheriff's Department,757
2018,Escalon,21
2018,Lodi,277
2018,Manteca,256
2018,Ripon,10
2018,Stockton,4383
2018,Tracy,199
2018,Stockton Unified School,45
2018,Union Pacific RR - San Joaquin,0
2018,CA Highway Patrol - San Joaquin,2
2018,San Luis Obispo Co. Sheriff's Department,115
2018,Arroyo Grande,24
2018,Grover Beach,28
2018,Morro Bay,36
2018,Paso Robles,43
2018,Pismo Beach,30
2018,San Luis Obispo,192
2018,Cal Poly San Luis Obispo,4
2018,Atascadero,99
2018,San Luis Obispo Coast DPR,0
2018,Oceano Dunes DPR,8
2018,Atascadero State Hospital,165
2018,Union Pacific RR - San Luis Obispo,0
2018,Cuesta College,1
2018,CA Highway Patrol - San Luis Obispo,1
2018,Bay Area DPR,0
2018,San Mateo Co. Sheriff's Department,310
2018,Atherton,5
2018,Belmont,40
2018,Brisbane,9
2018,Burlingame,58
2018,Colma,37
2018,Daly City,242
2018,Hillsborough,9
2018,Menlo Park,43
2018,Pacifica,71
2018,Redwood City,177
2018,San Bruno,123
2018,San Mateo,285
2018,South San Francisco,181
2018,Broadmoor,14
2018,Foster City,35
2018,San Mateo BART,13
2018,Union Pacific RR - San Mateo,0
2018,East Palo Alto,141
2018,CA Highway Patrol - San Mateo,4
2018,Santa Barbara Co. Sheriff's Department,229
2018,Guadalupe,11
2018,Lompoc,218
2018,Santa Barbara,415
2018,Santa Maria,497
2018,Carpinteria,22
2018,Union Pacific RR - Santa Barbara,1
2018,Solvang,6
2018,Allen Hancock College,0
2018,Buelton,3
2018,Goleta,42
2018,UC Santa Barbara,47
2018,CA Highway Patrol - Santa Barbara,2
2018,Santa Clara Co. Sheriff's Department,321
2018,Campbell,119
2018,Cupertino,72
2018,Gilroy,209
2018,Los Altos,13
2018,Los Altos Hills,7
2018,Los Gatos,10
2018,Milpitas,87
2018,Monte Sereno,0
2018,Morgan Hill,52
2018,Mountain View,157
2018,Palo Alto,72
2018,San Jose,4444
2018,Santa Clara,208
2018,Saratoga,22
2018,Sunnyvale,255
2018,CSU San Jose,18
2018,San Jose Community College,1
2018,West Valley College District,5
2018,Foothill College,1
2018,Union Pacific RR - Santa Clara,0
2018,Santa Clara Transit District,79
2018,CA Highway Patrol - Santa Clara,3
2018,Santa Cruz Co. Sheriff's Department,297
2018,Capitola,26
2018,Santa Cruz,390
2018,Watsonville,243
2018,Scotts Valley,17
2018,Union Pacific RR - Santa Cruz,0
2018,Santa Cruz Mtns. DPR,6
2018,UC Santa Cruz,10
2018,CA Highway Patrol - Santa Cruz,0
2018,Shasta Co. Sheriff's Department,477
2018,Anderson,64
2018,Redding,620
2018,Union Pacific RR - Shasta,1
2018,Shasta Marshal's Office,0
2018,CA Highway Patrol - Shasta,1
2018,Sierra Co. Sheriff's Department,5
2018,Union Pacific RR - Sierra,0
2018,CA Highway Patrol - Sierra,0
2018,Siskiyou Co. Sheriff's Department,73
2018,Dorris,3
2018,Dunsmuir,9
2018,Etna,0
2018,Fort Jones,7
2018,Montague,12
2018,Mount Shasta,11
2018,Tulelake,0
2018,Weed,26
2018,Yreka,37
2018,Lake Shastina,2
2018,Union Pacific RR - Siskiyou,0
2018,CA Highway Patrol - Siskiyou,0
2018,Solano Co. Sheriff's Department,147
2018,Benicia,34
2018,Dixon,53
2018,Fairfield,587
2018,Rio Vista,21
2018,Suisun,93
2018,Vacaville,230
2018,Vallejo,942
2018,Union Pacific RR - Solano,0
2018,CA Highway Patrol - Solano,3
2018,Sonoma Co. Sheriff's Department,516
2018,Cloverdale,19
2018,Cotati,36
2018,Healdsburg,20
2018,Rohnert Park,222
2018,Santa Rosa,823
2018,Sebastopol,15
2018,Sonoma,44
2018,Petaluma,197
2018,CSU Sonoma,5
2018,Union Pacific RR - Sonoma,0
2018,Sonoma Mendocino Coast DPR,0
2018,Sonoma Developmental Center,1
2018,Sonoma Co. Junior College,13
2018,Windsor,74
2018,CA Highway Patrol - Sonoma,0
2018,Silverado DPR,0
2018,Stanislaus Co. Sheriff's Department,435
2018,Ceres,228
2018,Modesto,1904
2018,Newman,19
2018,Oakdale,48
2018,Patterson,53
2018,Riverbank,24
2018,Turlock,420
2018,Waterford,20
2018,Hughson,7
2018,CSU Stanislaus,2
2018,Union Pacific RR - Stanislaus,0
2018,CA Highway Patrol - Stanislaus,0
2018,Sutter Co. Sheriff's Department,64
2018,Yuba City,264
2018,Union Pacific RR - Sutter,0
2018,CA Highway Patrol - Sutter,0
2018,Tehama Co. Sheriff's Department,62
2018,Corning,40
2018,Red Bluff,165
2018,Union Pacific RR - Tehama,0
2018,CA Highway Patrol - Tehama,0
2018,Trinity Co. Sheriff's Department,77
2018,Union Pacific RR - Trinity,0
2018,CA Highway Patrol - Trinity,2
2018,Tulare Co. Sheriff's Department,372
2018,Dinuba,184
2018,Exeter,16
2018,Farmersville,45
2018,Lindsay,34
2018,Porterville,209
2018,Tulare,251
2018,Visalia,450
2018,Woodlake,25
2018,Union Pacific RR - Tulare,0
2018,College of the Sequoias,1
2018,CA Highway Patrol - Tulare,0
2018,Tuolumne Co. Sheriff's Department,169
2018,Sonora,27
2018,CA Highway Patrol - Tuolumne,1
2018,Ventura Co. Sheriff's Department,141
2018,Camarillo,78
2018,Fillmore,39
2018,Ojai,6
2018,Oxnard,801
2018,Port Hueneme,61
2018,Santa Paula,90
2018,Thousand Oaks,126
2018,Ventura,445
2018,Simi Valley,214
2018,Angeles DPR,1
2018,Moorpark,33
2018,Channel Coast DPR,1
2018,Hungry Valley DPR,1
2018,Union Pacific RR - Ventura,0
2018,CSU Channel Islands,4
2018,Ventura Community College,2
2018,CA Highway Patrol - Ventura,5
2018,Yolo Co. Sheriff's Department,81
2018,Davis,117
2018,Winters,9
2018,Woodland,220
2018,West Sacramento,225
2018,Union Pacific RR - Yolo,0
2018,UC Davis,22
2018,CA Highway Patrol - Yolo,0
2018,Yuba Co. Sheriff's Department,225
2018,Marysville,112
2018,Wheatland,3
2018,Union Pacific RR - Yuba,0
2018,CA Highway Patrol - Yuba,1
2019,Alameda Co. Sheriff's Department,633
2019,Alameda,162
2019,Albany,40
2019,Berkeley,618
2019,Emeryville,166
2019,Fremont,400
2019,Hayward,552
2019,Livermore,193
2019,Newark,85
2019,Oakland,5520
2019,Piedmont,14
2019,Pleasanton,112
2019,San Leandro,454
2019,Union City,277
2019,Alameda E. Bay Reg. Park Dist.,44
2019,CSU East Bay,4
2019,Union Pacific RR - Alameda,1
2019,Alameda BART,282
2019,Dublin,107
2019,Alameda E. Bay Mun. Util. Dist.,0
2019,UC Berkeley,70
2019,CA Highway Patrol - Alameda,0
2019,Alpine Co. Sheriff's Department,13
2019,CA Highway Patrol - Alpine,0
2019,Amador Co. Sheriff's Department,66
2019,Ione,11
2019,Jackson,30
2019,Sutter Creek,3
2019,Union Pacific RR - Amador,0
2019,CA Highway Patrol - Amador,0
2019,Butte Co. Sheriff's Department,283
2019,Biggs,3
2019,Chico,557
2019,Gridley,29
2019,Oroville,122
2019,Paradise,22
2019,Union Pacific RR - Butte,0
2019,Northern Buttes DPR,1
2019,CSU Chico,6
2019,CA Highway Patrol - Butte,1
2019,Calaveras Co. Sheriff's Department,139
2019,Angels Camp,6
2019,Union Pacific RR - Calaveras,0
2019,Calaveras DPR,0
2019,CA Highway Patrol - Calaveras,0
2019,Colusa Co. Sheriff's Department,26
2019,Colusa,6
2019,Williams,20
2019,Union Pacific RR - Colusa,0
2019,CA Highway Patrol - Colusa,6
2019,Contra Costa Co. Sheriff's Department,332
2019,Antioch,648
2019,Brentwood,166
2019,Clayton,1
2019,Concord,541
2019,El Cerrito,152
2019,Hercules,31
2019,Pinole,59
2019,Pittsburg,446
2019,Pleasant Hill,88
2019,Richmond,1034
2019,San Pablo,194
2019,Walnut Creek,120
2019,Kensington,5
2019,Martinez,83
2019,Lafayette,4
2019,Moraga,23
2019,Contra Costa E. Bay Reg. Park Dist.,0
2019,Contra Costa BART,61
2019,Contra Costa Community College,1
2019,Danville,23
2019,San Ramon,58
2019,Orinda,17
2019,Union Pacific RR - Contra Costa,0
2019,Oakley,51
2019,CA Highway Patrol - Contra Costa,0
2019,Del Norte Co. Sheriff's Department,84
2019,Crescent City,23
2019,CA Highway Patrol - Del Norte,2
2019,El Dorado Co. Sheriff's Department,173
2019,Placerville,39
2019,South Lake Tahoe,111
2019,Union Pacific RR - El Dorado,0
2019,CA Highway Patrol - El Dorado,0
2019,Fresno Co. Sheriff's Department,1082
2019,Clovis,243
2019,Coalinga,41
2019,Firebaugh,11
2019,Fowler,29
2019,Fresno,2457
2019,Huron,83
2019,Kerman,23
2019,Kingsburg,18
2019,Mendota,83
2019,Orange Cove,18
2019,Parlier,62
2019,Reedley,117
2019,Sanger,156
2019,Selma,85
2019,State Center Community College,0
2019,Union Pacific RR - Fresno,0
2019,San Joaquin DPR,3
2019,CSU Fresno,11
2019,CA Highway Patrol - Fresno,0
2019,Coalinga State Hospital,202
2019,Clovis Unified School,13
2019,Glenn Co. Sheriff's Department,55
2019,Orland,33
2019,Willows,0
2019,Union Pacific RR - Glenn,0
2019,CA Highway Patrol - Glenn,3
2019,Humboldt Co. Sheriff's Department,310
2019,Arcata,72
2019,Eureka,195
2019,Ferndale,4
2019,Fortuna,28
2019,Rio Dell,11
2019,CSU Humboldt (Arcata),5
2019,Union Pacific RR - Humboldt,0
2019,Northern Coast Redwoods DPR,0
2019,CA Highway Patrol - Humboldt,1
2019,Imperial Co. Sheriff's Department,211
2019,Brawley,121
2019,Calexico,94
2019,El Centro,143
2019,Holtville,14
2019,Imperial,5
2019,Westmorland,0
2019,Union Pacific RR - Imperial,0
2019,CA Highway Patrol - Imperial,1
2019,Inyo Co. Sheriff's Department,60
2019,Bishop,34
2019,Union Pacific RR - Inyo,0
2019,CA Highway Patrol - Inyo,0
2019,Kern Co. Sheriff's Department,2864
2019,Arvin,196
2019,Bakersfield,1766
2019,Delano,205
2019,McFarland,67
2019,Ridgecrest,142
2019,Shafter,53
2019,Taft,67
2019,Tehachapi,60
2019,California City,83
2019,Stallion Springs,7
2019,Bear Valley,11
2019,Union Pacific RR - Kern,0
2019,CSU Bakersfield,2
2019,CA Highway Patrol - Kern,3
2019,Kern High School District,41
2019,Kings Co. Sheriff's Department,125
2019,Corcoran,118
2019,Hanford,257
2019,Lemoore,126
2019,Union Pacific RR - Kings,0
2019,Porterville Developmental Center,62
2019,Avenal,69
2019,CA Highway Patrol - Kings,0
2019,Lake Co. Sheriff's Department,193
2019,Lakeport,34
2019,Clearlake,119
2019,CA Highway Patrol - Lake,1
2019,Lassen Co. Sheriff's Department,78
2019,Susanville,196
2019,Union Pacific RR - Lassen,0
2019,CA Highway Patrol - Lassen,0
2019,Los Angeles Co. Sheriff's Department,5564
2019,Alhambra,161
2019,Arcadia,84
2019,Artesia,72
2019,Avalon,10
2019,Azusa,144
2019,Baldwin Park,188
2019,Bell,168
2019,Bellflower,327
2019,Bell Gardens,147
2019,El Camino College,3
2019,La Habra Heights,4
2019,Union Pacific RR - Los Angeles,1
2019,Metropolitan Trans. Authority (MTA),6
2019,Pasadena Community College,0
2019,Westlake Village,13
2019,Beverly Hills,103
2019,Bradbury,1
2019,Burbank,189
2019,Claremont,51
2019,Commerce,138
2019,Compton,1104
2019,Covina,171
2019,Cudahy,89
2019,Culver City,182
2019,Cerritos,127
2019,Lanterman Developmental Center,0
2019,Agoura Hills,21
2019,West Hollywood,294
2019,Santa Clarita,277
2019,Diamond Bar,72
2019,Downey,352
2019,Duarte,55
2019,El Monte,304
2019,El Segundo,82
2019,Gardena,324
2019,Glendale,231
2019,Glendora,155
2019,Hawaiian Gardens,76
2019,Hawthorne,636
2019,Hermosa Beach,51
2019,Calabasas,35
2019,Malibu,44
2019,Los Angeles Transit Serv. Bureau,150
2019,Hidden Hills,1
2019,Huntington Park,458
2019,Industry,72
2019,Inglewood,671
2019,Irwindale,26
2019,Lakewood,222
2019,La Mirada,86
2019,La Puente,151
2019,La Verne,51
2019,Lawndale,125
2019,Lomita,67
2019,Long Beach,2369
2019,Los Angeles,29400
2019,Lynwood,454
2019,Manhattan Beach,55
2019,Maywood,90
2019,Monrovia,43
2019,Montebello,178
2019,Monterey Park,126
2019,Norwalk,432
2019,Palmdale,658
2019,Palos Verdes Estates,4
2019,Paramount,347
2019,Pasadena,613
2019,Pico Rivera,234
2019,Pomona,940
2019,Redondo Beach,160
2019,Rolling Hills,1
2019,Rolling Hills Estates,10
2019,Rosemead,175
2019,San Dimas,78
2019,San Fernando,80
2019,San Gabriel,98
2019,San Marino,14
2019,Santa Fe Springs,105
2019,Santa Monica,664
2019,Sierra Madre,15
2019,Signal Hill,95
2019,South El Monte,102
2019,South Gate,622
2019,South Pasadena,29
2019,Temple City,64
2019,Torrance,280
2019,Vernon,27
2019,Walnut,38
2019,West Covina,260
2019,Whittier,213
2019,Carson,444
2019,Cal Poly - Pomona,8
2019,Rancho Palos Verdes,29
2019,CSU Dominguez Hills,6
2019,CSU Long Beach,4
2019,CSU Los Angeles,4
2019,CSU Northridge,8
2019,La Canada-Flintridge,15
2019,Lancaster,1359
2019,UC Los Angeles,89
2019,CA Highway Patrol - Los Angeles,48
2019,Metropolitan State Hospital,1181
2019,Baldwin Park School,12
2019,Madera Co. Sheriff's Department,457
2019,Chowchilla,39
2019,Madera,334
2019,Union Pacific RR - Madera,0
2019,CA Highway Patrol - Madera,0
2019,Marin Co. Sheriff's Department,63
2019,Belvedere,1
2019,Fairfax,9
2019,Mill Valley,20
2019,Novato,148
2019,Ross,2
2019,San Rafael,230
2019,Sausalito,7
2019,Tiburon,0
2019,Union Pacific RR - Marin,0
2019,Marin Community College,3
2019,Marin DPR,1
2019,Central Marin,32
2019,CA Highway Patrol - Marin,0
2019,Mariposa Co. Sheriff's Department,79
2019,CA Highway Patrol - Mariposa,0
2019,Mendocino Co. Sheriff's Department,178
2019,Fort Bragg,32
2019,Ukiah,110
2019,Willits,16
2019,Mendocino DPR,0
2019,Union Pacific RR - Mendocino,0
2019,CA Highway Patrol - Mendocino,0
2019,Merced Co. Sheriff's Department,500
2019,Atwater,206
2019,Dos Palos,64
2019,Gustine,21
2019,Livingston,40
2019,Los Banos,143
2019,Merced,540
2019,Union Pacific RR - Merced,0
2019,Four Rivers DPR,0
2019,UC Merced,6
2019,CA Highway Patrol - Merced,0
2019,Modoc Co. Sheriff's Department,31
2019,Alturas,10
2019,Union Pacific RR - Modoc,0
2019,CA Highway Patrol - Modoc,2
2019,Mono Co. Sheriff's Department,25
2019,Mammoth Lakes,42
2019,CA Highway Patrol - Mono,0
2019,Monterey Co. Sheriff's Department,258
2019,Carmel,11
2019,Del Rey Oaks,7
2019,Gonzales,17
2019,Greenfield,54
2019,King City,19
2019,Monterey,78
2019,Pacific Grove,14
2019,Salinas,782
2019,Sand City,9
2019,Seaside,78
2019,Soledad,53
2019,Marina,43
2019,Monterey Airport,0
2019,Union Pacific RR - Monterey,0
2019,Monterey DPR,0
2019,CSU Monterey Bay,9
2019,CA Highway Patrol - Monterey,1
2019,Napa Co. Sheriff's Department,69
2019,Calistoga,6
2019,Napa,280
2019,St. Helena,12
2019,Union Pacific RR - Napa,0
2019,Napa State Hospital,328
2019,American Canyon,53
2019,Yountville,5
2019,CA Highway Patrol - Napa,0
2019,Nevada Co. Sheriff's Department,118
2019,Grass Valley,73
2019,Nevada City,15
2019,Union Pacific RR - Nevada,0
2019,Truckee,31
2019,CA Highway Patrol - Nevada,1
2019,Orange Co. Sheriff's Department,247
2019,Anaheim,1120
2019,Brea,72
2019,Buena Park,246
2019,Costa Mesa,312
2019,Cypress,52
2019,La Palma,17
2019,Fountain Valley,53
2019,Fullerton,373
2019,Garden Grove,505
2019,Huntington Beach,386
2019,Laguna Beach,38
2019,La Habra,140
2019,Los Alamitos,6
2019,Newport Beach,135
2019,Orange,180
2019,Placentia,192
2019,San Clemente,87
2019,San Juan Capistrano,63
2019,Santa Ana,1453
2019,Seal Beach,19
2019,Stanton,95
2019,Tustin,141
2019,Villa Park,4
2019,Westminster,259
2019,Yorba Linda,42
2019,Irvine,188
2019,CSU Fullerton,6
2019,Union Pacific RR - Orange,1
2019,Orange Coast DPR,0
2019,Fairview Developmental Center,1
2019,Mission Viejo,65
2019,Dana Point,52
2019,Laguna Niguel,43
2019,Laguna Hills,32
2019,Lake Forest,66
2019,Laguna Woods,7
2019,Rancho Santa Margarita,30
2019,Aliso Viejo,27
2019,UC Irvine,21
2019,CA Highway Patrol - Orange,21
2019,Irvine Valley College,0
2019,Placer Co. Sheriff's Department,183
2019,Auburn,50
2019,Lincoln,32
2019,Rocklin,67
2019,Roseville,259
2019,Sierra DPR,0
2019,Union Pacific RR - Placer,0
2019,CA Highway Patrol - Placer,6
2019,Plumas Co. Sheriff's Department,128
2019,Union Pacific RR - Plumas,0
2019,CA Highway Patrol - Plumas,0
2019,Riverside Co. Sheriff's Department,932
2019,Banning,136
2019,Beaumont,92
2019,Blythe,92
2019,Coachella,126
2019,Desert Hot Springs,255
2019,Hemet,343
2019,Indio,530
2019,Norco,49
2019,Palm Springs,267
2019,Perris,262
2019,Riverside,1686
2019,San Jacinto,108
2019,Corona,291
2019,Indian Wells,13
2019,Rancho Mirage,45
2019,Palm Desert,136
2019,Union Pacific RR - Riverside,1
2019,Inland Empire DPR,1
2019,Cathedral City,144
2019,Lake Elsinore,173
2019,La Quinta,68
2019,Moreno Valley,847
2019,Temecula,166
2019,Calimesa,22
2019,Canyon Lake,15
2019,Murrieta,77
2019,Riverside Community College,2
2019,Wildomar,61
2019,Menifee,145
2019,Eastvale,83
2019,UC Riverside,11
2019,CA Highway Patrol - Riverside,13
2019,Jurupa Valley,317
2019,Mount San Jacinto Community College,2
2019,Sacramento Co. Sheriff's Department,2408
2019,Folsom,82
2019,Galt,77
2019,Isleton,7
2019,Sacramento,3223
2019,CSU Sacramento,3
2019,Elk Grove,372
2019,Gold Fields DPR,4
2019,Twin Rivers Unified School,21
2019,CA State Fair,5
2019,Capital DPR,5
2019,Twin Cities DPR,0
2019,Union Pacific RR - Sacramento,0
2019,Rancho Cordova,225
2019,Citrus Heights,313
2019,UC Med Center Sacramento,7
2019,CA Highway Patrol - Sacramento,13
2019,San Benito Co. Sheriff's Department,33
2019,Hollister,114
2019,Union Pacific RR - San Benito,0
2019,Hollister Hills DPR,0
2019,CA Highway Patrol - San Benito,0
2019,San Bernardino Co. Sheriff's Department,1503
2019,Barstow,274
2019,Chino,329
2019,Colton,215
2019,Fontana,739
2019,Montclair,234
2019,Needles,71
2019,Ontario,659
2019,Redlands,257
2019,Rialto,595
2019,San Bernardino,2858
2019,Upland,298
2019,Victorville,988
2019,Adelanto,276
2019,CSU San Bernardino,4
2019,Rancho Cucamonga,500
2019,Big Bear,76
2019,Grand Terrace,37
2019,Loma Linda,77
2019,San Bernardino Unified School,67
2019,Highland,362
2019,Twentynine Palms,117
2019,Hesperia,462
2019,Apple Valley,339
2019,Yucaipa,200
2019,San Bernardino College,1
2019,Chino Hills,95
2019,Yucca Valley,160
2019,Fontana Unified School,31
2019,Union Pacific RR - San Bernardino,2
2019,Patton State Hospital,356
2019,Tehachapi DPR,0
2019,CA Highway Patrol - San Bernardino,34
2019,Chaffey College,3
2019,San Diego Co. Sheriff's Department,1499
2019,Carlsbad,240
2019,Chula Vista,904
2019,Coronado,9
2019,Del Mar,7
2019,El Cajon,552
2019,Escondido,536
2019,Imperial Beach,72
2019,La Mesa,174
2019,National City,364
2019,Oceanside,712
2019,San Diego,5215
2019,San Marcos,193
2019,Vista,354
2019,CSU San Diego,20
2019,San Diego Harbor,75
2019,Colorado DPR,0
2019,Ocotillo Wells DPR,1
2019,San Diego Coast DPR,13
2019,CSU San Marcos,1
2019,UC San Diego,10
2019,CA Highway Patrol - San Diego,43
2019,Lemon Grove,167
2019,Santee,98
2019,Poway,51
2019,Encinitas,86
2019,Solana Beach,13
2019,San Francisco,5933
2019,CSU San Francisco,14
2019,San Francisco BART,132
2019,UC Hastings College of Law,0
2019,Union Pacific RR - San Francisco,1
2019,UC San Francisco,11
2019,CA Highway Patrol - San Francisco,1
2019,San Joaquin Co. Sheriff's Department,903
2019,Escalon,16
2019,Lodi,237
2019,Manteca,199
2019,Ripon,13
2019,Stockton,4380
2019,Tracy,166
2019,Stockton Unified School,38
2019,Union Pacific RR - San Joaquin,0
2019,CA Highway Patrol - San Joaquin,0
2019,San Luis Obispo Co. Sheriff's Department,181
2019,Arroyo Grande,27
2019,Grover Beach,13
2019,Morro Bay,21
2019,Paso Robles,53
2019,Pismo Beach,29
2019,San Luis Obispo,192
2019,Cal Poly San Luis Obispo,4
2019,Atascadero,65
2019,San Luis Obispo Coast DPR,0
2019,Oceano Dunes DPR,2
2019,Atascadero State Hospital,43
2019,Union Pacific RR - San Luis Obispo,0
2019,Cuesta College,0
2019,CA Highway Patrol - San Luis Obispo,0
2019,Bay Area DPR,0
2019,San Mateo Co. Sheriff's Department,324
2019,Atherton,12
2019,Belmont,45
2019,Brisbane,10
2019,Burlingame,74
2019,Colma,28
2019,Daly City,232
2019,Hillsborough,5
2019,Menlo Park,50
2019,Pacifica,79
2019,Redwood City,189
2019,San Bruno,138
2019,San Mateo,266
2019,South San Francisco,166
2019,Broadmoor,11
2019,Foster City,39
2019,San Mateo BART,24
2019,Union Pacific RR - San Mateo,0
2019,East Palo Alto,144
2019,CA Highway Patrol - San Mateo,1
2019,Santa Barbara Co. Sheriff's Department,232
2019,Guadalupe,15
2019,Lompoc,291
2019,Santa Barbara,400
2019,Santa Maria,466
2019,Carpinteria,11
2019,Union Pacific RR - Santa Barbara,0
2019,Solvang,10
2019,Allen Hancock College,0
2019,Buelton,3
2019,Goleta,40
2019,UC Santa Barbara,61
2019,CA Highway Patrol - Santa Barbara,0
2019,Santa Clara Co. Sheriff's Department,356
2019,Campbell,89
2019,Cupertino,55
2019,Gilroy,251
2019,Los Altos,21
2019,Los Altos Hills,3
2019,Los Gatos,14
2019,Milpitas,102
2019,Monte Sereno,0
2019,Morgan Hill,52
2019,Mountain View,165
2019,Palo Alto,86
2019,San Jose,4559
2019,Santa Clara,214
2019,Saratoga,16
2019,Sunnyvale,259
2019,CSU San Jose,23
2019,San Jose Community College,0
2019,West Valley College District,1
2019,Foothill College,2
2019,Union Pacific RR - Santa Clara,1
2019,Santa Clara Transit District,92
2019,CA Highway Patrol - Santa Clara,0
2019,Santa Cruz Co. Sheriff's Department,331
2019,Capitola,30
2019,Santa Cruz,389
2019,Watsonville,328
2019,Scotts Valley,13
2019,Union Pacific RR - Santa Cruz,0
2019,Santa Cruz Mtns. DPR,0
2019,UC Santa Cruz,15
2019,CA Highway Patrol - Santa Cruz,0
2019,Shasta Co. Sheriff's Department,386
2019,Anderson,61
2019,Redding,174
2019,Union Pacific RR - Shasta,0
2019,Shasta Marshal's Office,2
2019,CA Highway Patrol - Shasta,0
2019,Sierra Co. Sheriff's Department,1
2019,Union Pacific RR - Sierra,0
2019,CA Highway Patrol - Sierra,0
2019,Siskiyou Co. Sheriff's Department,70
2019,Dorris,4
2019,Dunsmuir,14
2019,Etna,2
2019,Fort Jones,2
2019,Montague,8
2019,Mount Shasta,12
2019,Tulelake,3
2019,Weed,34
2019,Yreka,28
2019,Lake Shastina,3
2019,Union Pacific RR - Siskiyou,0
2019,CA Highway Patrol - Siskiyou,1
2019,Solano Co. Sheriff's Department,109
2019,Benicia,16
2019,Dixon,54
2019,Fairfield,442
2019,Rio Vista,11
2019,Suisun,114
2019,Vacaville,331
2019,Vallejo,1037
2019,Union Pacific RR - Solano,0
2019,CA Highway Patrol - Solano,0
2019,Sonoma Co. Sheriff's Department,497
2019,Cloverdale,16
2019,Cotati,40
2019,Healdsburg,17
2019,Rohnert Park,267
2019,Santa Rosa,857
2019,Sebastopol,21
2019,Sonoma,38
2019,Petaluma,190
2019,CSU Sonoma,12
2019,Union Pacific RR - Sonoma,0
2019,Sonoma Mendocino Coast DPR,1
2019,Sonoma Developmental Center,0
2019,Sonoma Co. Junior College,2
2019,Windsor,58
2019,CA Highway Patrol - Sonoma,0
2019,Silverado DPR,0
2019,Stanislaus Co. Sheriff's Department,370
2019,Ceres,209
2019,Modesto,1758
2019,Newman,16
2019,Oakdale,40
2019,Patterson,46
2019,Riverbank,24
2019,Turlock,426
2019,Waterford,13
2019,Hughson,5
2019,CSU Stanislaus,1
2019,Union Pacific RR - Stanislaus,0
2019,CA Highway Patrol - Stanislaus,0
2019,Sutter Co. Sheriff's Department,77
2019,Yuba City,241
2019,Union Pacific RR - Sutter,0
2019,CA Highway Patrol - Sutter,0
2019,Tehama Co. Sheriff's Department,95
2019,Corning,28
2019,Red Bluff,133
2019,Union Pacific RR - Tehama,0
2019,CA Highway Patrol - Tehama,0
2019,Trinity Co. Sheriff's Department,61
2019,Union Pacific RR - Trinity,0
2019,CA Highway Patrol - Trinity,0
2019,Tulare Co. Sheriff's Department,334
2019,Dinuba,161
2019,Exeter,26
2019,Farmersville,35
2019,Lindsay,69
2019,Porterville,192
2019,Tulare,261
2019,Visalia,586
2019,Woodlake,28
2019,Union Pacific RR - Tulare,0
2019,College of the Sequoias,0
2019,CA Highway Patrol - Tulare,0
2019,Tuolumne Co. Sheriff's Department,169
2019,Sonora,26
2019,CA Highway Patrol - Tuolumne,0
2019,Ventura Co. Sheriff's Department,159
2019,Camarillo,58
2019,Fillmore,20
2019,Ojai,8
2019,Oxnard,724
2019,Port Hueneme,43
2019,Santa Paula,91
2019,Thousand Oaks,88
2019,Ventura,458
2019,Simi Valley,146
2019,Angeles DPR,2
2019,Moorpark,26
2019,Channel Coast DPR,0
2019,Hungry Valley DPR,1
2019,Union Pacific RR - Ventura,0
2019,CSU Channel Islands,4
2019,Ventura Community College,2
2019,CA Highway Patrol - Ventura,0
2019,Yolo Co. Sheriff's Department,69
2019,Davis,107
2019,Winters,11
2019,Woodland,224
2019,West Sacramento,212
2019,Union Pacific RR - Yolo,0
2019,UC Davis,14
2019,CA Highway Patrol - Yolo,0
2019,Yuba Co. Sheriff's Department,204
2019,Marysville,116
2019,Wheatland,6
2019,Union Pacific RR - Yuba,0
2019,CA Highway Patrol - Yuba,0
